timestamp,Office_Amelie
01-01-2015 0:00,11.81
01-01-2015 1:00,11.29
01-01-2015 2:00,12.02
01-01-2015 3:00,11.45
01-01-2015 4:00,11.85
01-01-2015 5:00,11.02
01-01-2015 6:00,12.11
01-01-2015 7:00,11.39
01-01-2015 8:00,47.91
01-01-2015 9:00,47.53
01-01-2015 10:00,40.15
01-01-2015 11:00,36.23
01-01-2015 12:00,34.51
01-01-2015 13:00,35.25
01-01-2015 14:00,31.88
01-01-2015 15:00,31.03
01-01-2015 16:00,31.9
01-01-2015 17:00,33.55
01-01-2015 18:00,33.6
01-01-2015 19:00,35.24
01-01-2015 20:00,35.52
01-01-2015 21:00,19.07
01-01-2015 22:00,11.71
01-01-2015 23:00,11.06
02-01-2015 0:00,11.87
02-01-2015 1:00,11.19
02-01-2015 2:00,9.71
02-01-2015 3:00,12.18
02-01-2015 4:00,11.38
02-01-2015 5:00,12.12
02-01-2015 6:00,12.47
02-01-2015 7:00,19.86
02-01-2015 8:00,64.34
02-01-2015 9:00,62.68
02-01-2015 10:00,50.13
02-01-2015 11:00,44.1
02-01-2015 12:00,40.07
02-01-2015 13:00,39.66
02-01-2015 14:00,36.68
02-01-2015 15:00,36.51
02-01-2015 16:00,35.82
02-01-2015 17:00,33.99
02-01-2015 18:00,37.08
02-01-2015 19:00,35.5
02-01-2015 20:00,34.77
02-01-2015 21:00,20.8
02-01-2015 22:00,12.78
02-01-2015 23:00,13.39
03-01-2015 0:00,12.86
03-01-2015 1:00,13.59
03-01-2015 2:00,12.86
03-01-2015 3:00,13.53
03-01-2015 4:00,12.9
03-01-2015 5:00,12.06
03-01-2015 6:00,13.02
03-01-2015 7:00,13.64
03-01-2015 8:00,12.96
03-01-2015 9:00,13.38
03-01-2015 10:00,12.65
03-01-2015 11:00,13.31
03-01-2015 12:00,12.78
03-01-2015 13:00,13.23
03-01-2015 14:00,12.29
03-01-2015 15:00,12.53
03-01-2015 16:00,13.46
03-01-2015 17:00,12.49
03-01-2015 18:00,13.26
03-01-2015 19:00,12.92
03-01-2015 20:00,13.4
03-01-2015 21:00,12.61
03-01-2015 22:00,13.12
03-01-2015 23:00,12.54
04-01-2015 0:00,13.17
04-01-2015 1:00,12.64
04-01-2015 2:00,13.47
04-01-2015 3:00,13.01
04-01-2015 4:00,13.37
04-01-2015 5:00,12.73
04-01-2015 6:00,13.37
04-01-2015 7:00,12.72
04-01-2015 8:00,13.2
04-01-2015 9:00,12.78
04-01-2015 10:00,12.7
04-01-2015 11:00,11.9
04-01-2015 12:00,11.12
04-01-2015 13:00,10.49
04-01-2015 14:00,9.14
04-01-2015 15:00,10.82
04-01-2015 16:00,9.92
04-01-2015 17:00,9.29
04-01-2015 18:00,10.01
04-01-2015 19:00,9.41
04-01-2015 20:00,10.31
04-01-2015 21:00,9.63
04-01-2015 22:00,10.37
04-01-2015 23:00,9.85
05-01-2015 0:00,10.38
05-01-2015 1:00,9.51
05-01-2015 2:00,10.3
05-01-2015 3:00,9.67
05-01-2015 4:00,9.7
05-01-2015 5:00,10.27
05-01-2015 6:00,11.73
05-01-2015 7:00,31.82
05-01-2015 8:00,54.69
05-01-2015 9:00,47.74
05-01-2015 10:00,41.12
05-01-2015 11:00,38.71
05-01-2015 12:00,38.17
05-01-2015 13:00,37.06
05-01-2015 14:00,33
05-01-2015 15:00,36.94
05-01-2015 16:00,32.56
05-01-2015 17:00,26.46
05-01-2015 18:00,24.44
05-01-2015 19:00,25.47
05-01-2015 20:00,27.26
05-01-2015 21:00,16.56
05-01-2015 22:00,10.75
05-01-2015 23:00,8.38
06-01-2015 0:00,10.85
06-01-2015 1:00,10.71
06-01-2015 2:00,10.26
06-01-2015 3:00,9.66
06-01-2015 4:00,9.75
06-01-2015 5:00,10.13
06-01-2015 6:00,10.37
06-01-2015 7:00,15.65
06-01-2015 8:00,45.68
06-01-2015 9:00,41.32
06-01-2015 10:00,32.16
06-01-2015 11:00,32.02
06-01-2015 12:00,30.82
06-01-2015 13:00,31.47
06-01-2015 14:00,33.5
06-01-2015 15:00,31.99
06-01-2015 16:00,31.66
06-01-2015 17:00,27.48
06-01-2015 18:00,23.37
06-01-2015 19:00,20.08
06-01-2015 20:00,20.08
06-01-2015 21:00,13.72
06-01-2015 22:00,11.49
06-01-2015 23:00,9.39
07-01-2015 0:00,8.5
07-01-2015 1:00,8.96
07-01-2015 2:00,8.36
07-01-2015 3:00,8.36
07-01-2015 4:00,8.95
07-01-2015 5:00,9.76
07-01-2015 6:00,9.75
07-01-2015 7:00,7.06
07-01-2015 8:00,33.785
07-01-2015 9:00,36.2475
07-01-2015 10:00,12.72
07-01-2015 11:00,32.61
07-01-2015 12:00,31.78
07-01-2015 13:00,32.99
07-01-2015 14:00,34.54
07-01-2015 15:00,33.25
07-01-2015 16:00,34.63
07-01-2015 17:00,27.26
07-01-2015 18:00,23.02
07-01-2015 19:00,19.52
07-01-2015 20:00,18
07-01-2015 21:00,12.85
07-01-2015 22:00,10.86
07-01-2015 23:00,8.55
08-01-2015 0:00,8.95
08-01-2015 1:00,8.98
08-01-2015 2:00,8.82
08-01-2015 3:00,9.16
08-01-2015 4:00,8.58
08-01-2015 5:00,9.45
08-01-2015 6:00,11.83
08-01-2015 7:00,15.86
08-01-2015 8:00,37.37
08-01-2015 9:00,36.85
08-01-2015 10:00,36.3
08-01-2015 11:00,32.98
08-01-2015 12:00,31.65
08-01-2015 13:00,31.37
08-01-2015 14:00,31.22
08-01-2015 15:00,32.34
08-01-2015 16:00,30.8
08-01-2015 17:00,26.43
08-01-2015 18:00,21.5
08-01-2015 19:00,19.9
08-01-2015 20:00,20.69
08-01-2015 21:00,13.59
08-01-2015 22:00,10.79
08-01-2015 23:00,8.4
09-01-2015 0:00,8.61
09-01-2015 1:00,9.4
09-01-2015 2:00,8.74
09-01-2015 3:00,9.62
09-01-2015 4:00,8.71
09-01-2015 5:00,9.8
09-01-2015 6:00,12.86
09-01-2015 7:00,18.45
09-01-2015 8:00,38.03
09-01-2015 9:00,33.21
09-01-2015 10:00,30.97
09-01-2015 11:00,30.09
09-01-2015 12:00,33.78
09-01-2015 13:00,34.39
09-01-2015 14:00,36.73
09-01-2015 15:00,38.52
09-01-2015 16:00,33.68
09-01-2015 17:00,26.73
09-01-2015 18:00,23.63
09-01-2015 19:00,20.94
09-01-2015 20:00,19.52
09-01-2015 21:00,12.83
09-01-2015 22:00,9.56
09-01-2015 23:00,8.79
10-01-2015 0:00,8.3
10-01-2015 1:00,8.95
10-01-2015 2:00,8.24
10-01-2015 3:00,8.29
10-01-2015 4:00,8.93
10-01-2015 5:00,8.12
10-01-2015 6:00,8.73
10-01-2015 7:00,13.24
10-01-2015 8:00,12.49
10-01-2015 9:00,10.29
10-01-2015 10:00,9.42
10-01-2015 11:00,7.79
10-01-2015 12:00,8.47
10-01-2015 13:00,7.66
10-01-2015 14:00,8.16
10-01-2015 15:00,8.09
10-01-2015 16:00,7.85
10-01-2015 17:00,8.51
10-01-2015 18:00,7.87
10-01-2015 19:00,7.83
10-01-2015 20:00,8.58
10-01-2015 21:00,7.8
10-01-2015 22:00,8.49
10-01-2015 23:00,7.83
11-01-2015 0:00,8.45
11-01-2015 1:00,7.95
11-01-2015 2:00,7.95
11-01-2015 3:00,8.41
11-01-2015 4:00,7.9
11-01-2015 5:00,8.44
11-01-2015 6:00,7.74
11-01-2015 7:00,7.78
11-01-2015 8:00,8.61
11-01-2015 9:00,7.84
11-01-2015 10:00,10.58
11-01-2015 11:00,9.86
11-01-2015 12:00,11.17
11-01-2015 13:00,11.03
11-01-2015 14:00,11
11-01-2015 15:00,11.57
11-01-2015 16:00,10.85
11-01-2015 17:00,10.06
11-01-2015 18:00,9.45
11-01-2015 19:00,9.45
11-01-2015 20:00,10.23
11-01-2015 21:00,9.64
11-01-2015 22:00,10.11
11-01-2015 23:00,9.72
12-01-2015 0:00,9.67
12-01-2015 1:00,10.3
12-01-2015 2:00,9.64
12-01-2015 3:00,10.14
12-01-2015 4:00,9.76
12-01-2015 5:00,10.92
12-01-2015 6:00,11.69
12-01-2015 7:00,18.3
12-01-2015 8:00,37.7
12-01-2015 9:00,34.04
12-01-2015 10:00,31.64
12-01-2015 11:00,34.22
12-01-2015 12:00,32.78
12-01-2015 13:00,32.47
12-01-2015 14:00,32.99
12-01-2015 15:00,35.27
12-01-2015 16:00,34.09
12-01-2015 17:00,28.32
12-01-2015 18:00,25.03
12-01-2015 19:00,23.39
12-01-2015 20:00,23.05
12-01-2015 21:00,17.68
12-01-2015 22:00,13.69
12-01-2015 23:00,11.09
13-01-2015 00:00,11.55
13-01-2015 01:00,10.81
13-01-2015 02:00,11.4
13-01-2015 03:00,10.96
13-01-2015 04:00,10.74
13-01-2015 05:00,12.47
13-01-2015 06:00,12.24
13-01-2015 07:00,23.5
13-01-2015 08:00,39.83
13-01-2015 09:00,37.56
13-01-2015 10:00,35.4
13-01-2015 11:00,31.48
13-01-2015 12:00,33.32
13-01-2015 13:00,35.48
13-01-2015 14:00,33.21
13-01-2015 15:00,31.83
13-01-2015 16:00,31.82
13-01-2015 17:00,28.64
13-01-2015 18:00,24.63
13-01-2015 19:00,23.57
13-01-2015 20:00,24.01
13-01-2015 21:00,17.34
13-01-2015 22:00,13.72
13-01-2015 23:00,11.6
14-01-2015 00:00,11.21
14-01-2015 01:00,11.74
14-01-2015 02:00,10.97
14-01-2015 03:00,11.6
14-01-2015 04:00,10.87
14-01-2015 05:00,12.14
14-01-2015 06:00,14.28
14-01-2015 07:00,21.5
14-01-2015 08:00,44.94
14-01-2015 09:00,39.49
14-01-2015 10:00,33.83
14-01-2015 11:00,32.13
14-01-2015 12:00,33.29
14-01-2015 13:00,33.22
14-01-2015 14:00,31.205
14-01-2015 15:00,30.9125
14-01-2015 16:00,30.9125
14-01-2015 17:00,27.2575
14-01-2015 18:00,22.8725
14-01-2015 19:00,21.7075
14-01-2015 20:00,19.48
14-01-2015 21:00,15.405
14-01-2015 22:00,12.175
14-01-2015 23:00,10.8925
15-01-2015 00:00,10.7825
15-01-2015 01:00,10.39
15-01-2015 02:00,10.1975
15-01-2015 03:00,10.8475
15-01-2015 04:00,10.77
15-01-2015 05:00,11.1725
15-01-2015 06:00,15.0675
15-01-2015 07:00,20.6375
15-01-2015 08:00,32.58
15-01-2015 09:00,35.78
15-01-2015 10:00,34.4275
15-01-2015 11:00,32.375
15-01-2015 12:00,31.215
15-01-2015 13:00,31.8575
15-01-2015 14:00,31.945
15-01-2015 15:00,32.465
15-01-2015 16:00,32.675
15-01-2015 17:00,29.305
15-01-2015 18:00,23.575
15-01-2015 19:00,22.4675
15-01-2015 20:00,21.305
15-01-2015 21:00,14.7425
15-01-2015 22:00,10.3675
15-01-2015 23:00,8.8775
16-01-2015 00:00,8.8425
16-01-2015 01:00,9.0825
16-01-2015 02:00,8.93
16-01-2015 03:00,9.1
16-01-2015 04:00,9.855
16-01-2015 05:00,10.0125
16-01-2015 06:00,14.535
16-01-2015 07:00,16.82
16-01-2015 08:00,41.08
16-01-2015 09:00,36.41
16-01-2015 10:00,33.69
16-01-2015 11:00,30.9
16-01-2015 12:00,34.42
16-01-2015 13:00,35.38
16-01-2015 14:00,34.97
16-01-2015 15:00,33.64
16-01-2015 16:00,31.13
16-01-2015 17:00,28.72
16-01-2015 18:00,23.65
16-01-2015 19:00,20.68
16-01-2015 20:00,21.36
16-01-2015 21:00,15.13
16-01-2015 22:00,12.74
16-01-2015 23:00,11.65
17-01-2015 00:00,11.05
17-01-2015 01:00,11.08
17-01-2015 02:00,11.04
17-01-2015 03:00,10.74
17-01-2015 04:00,11.24
17-01-2015 05:00,10.66
17-01-2015 06:00,11.4
17-01-2015 07:00,12.18
17-01-2015 08:00,12.75
17-01-2015 09:00,11.2
17-01-2015 10:00,11.19
17-01-2015 11:00,10.57
17-01-2015 12:00,10.75
17-01-2015 13:00,13.49
17-01-2015 14:00,13
17-01-2015 15:00,13
17-01-2015 16:00,12.33
17-01-2015 17:00,12.19
17-01-2015 18:00,11.77
17-01-2015 19:00,10.2
17-01-2015 20:00,10.26
17-01-2015 21:00,10.87
17-01-2015 22:00,10.32
17-01-2015 23:00,10.92
18-01-2015 00:00,10.31
18-01-2015 01:00,10.53
18-01-2015 02:00,10.6
18-01-2015 03:00,10.26
18-01-2015 04:00,10.78
18-01-2015 05:00,9.95
18-01-2015 06:00,10.65
18-01-2015 07:00,10.09
18-01-2015 08:00,10.81
18-01-2015 09:00,10.04
18-01-2015 10:00,10.33
18-01-2015 11:00,10.7
18-01-2015 12:00,10.25
18-01-2015 13:00,10.79
18-01-2015 14:00,10.28
18-01-2015 15:00,10.17
18-01-2015 16:00,10.76
18-01-2015 17:00,10.32
18-01-2015 18:00,10.64
18-01-2015 19:00,10.21
18-01-2015 20:00,9.36
18-01-2015 21:00,10.58
18-01-2015 22:00,10.22
18-01-2015 23:00,10.12
19-01-2015 00:00,10.78
19-01-2015 01:00,10.19
19-01-2015 02:00,10.21
19-01-2015 03:00,10.99
19-01-2015 04:00,10.39
19-01-2015 05:00,11.25
19-01-2015 06:00,12.21
19-01-2015 07:00,14.46
19-01-2015 08:00,33.67
19-01-2015 09:00,28.68
19-01-2015 10:00,21.91
19-01-2015 11:00,19.26
19-01-2015 12:00,18.19
19-01-2015 13:00,18.47
19-01-2015 14:00,17.45
19-01-2015 15:00,18.83
19-01-2015 16:00,16.98
19-01-2015 17:00,16.7
19-01-2015 18:00,18.12
19-01-2015 19:00,18.4
19-01-2015 20:00,17.08
19-01-2015 21:00,13.7
19-01-2015 22:00,10.54
19-01-2015 23:00,11.37
20-01-2015 00:00,10.38
20-01-2015 01:00,10.54
20-01-2015 02:00,11.11
20-01-2015 03:00,10.57
20-01-2015 04:00,11.14
20-01-2015 05:00,12.01
20-01-2015 06:00,12.5
20-01-2015 07:00,25.25
20-01-2015 08:00,43.16
20-01-2015 09:00,37.29
20-01-2015 10:00,32.21
20-01-2015 11:00,37.23
20-01-2015 12:00,36.81
20-01-2015 13:00,34.89
20-01-2015 14:00,37.5
20-01-2015 15:00,39.19
20-01-2015 16:00,34.11
20-01-2015 17:00,28.14
20-01-2015 18:00,24.01
20-01-2015 19:00,21.38
20-01-2015 20:00,20.46
20-01-2015 21:00,16.21
20-01-2015 22:00,12.54
20-01-2015 23:00,10.51
21-01-2015 00:00,10.95
21-01-2015 01:00,10.13
21-01-2015 02:00,10.84
21-01-2015 03:00,10.25
21-01-2015 04:00,10.13
21-01-2015 05:00,12.02
21-01-2015 06:00,11.85
21-01-2015 07:00,17.66
21-01-2015 08:00,36.55
21-01-2015 09:00,37.53
21-01-2015 10:00,32.96
21-01-2015 11:00,32.19
21-01-2015 12:00,33.61
21-01-2015 13:00,32.2
21-01-2015 14:00,32.29
21-01-2015 15:00,35.6
21-01-2015 16:00,34.23
21-01-2015 17:00,27.1
21-01-2015 18:00,23.38
21-01-2015 19:00,21.92
21-01-2015 20:00,19.69
21-01-2015 21:00,15.09
21-01-2015 22:00,12.41
21-01-2015 23:00,12.62
22-01-2015 00:00,11.82
22-01-2015 01:00,10.99
22-01-2015 02:00,10.95
22-01-2015 03:00,11.55
22-01-2015 04:00,10.7
22-01-2015 05:00,12.41
22-01-2015 06:00,12.34
22-01-2015 07:00,21.44
22-01-2015 08:00,43.86
22-01-2015 09:00,38.87
22-01-2015 10:00,36.42
22-01-2015 11:00,34.07
22-01-2015 12:00,34.75
22-01-2015 13:00,32.84
22-01-2015 14:00,32.88
22-01-2015 15:00,33.17
22-01-2015 16:00,32.72
22-01-2015 17:00,26.67
22-01-2015 18:00,23.64
22-01-2015 19:00,26.56
22-01-2015 20:00,26.48
22-01-2015 21:00,20.14
22-01-2015 22:00,11.42
22-01-2015 23:00,12
23-01-2015 00:00,10.93
23-01-2015 01:00,11
23-01-2015 02:00,11.57
23-01-2015 03:00,10.94
23-01-2015 04:00,11.7
23-01-2015 05:00,12.29
23-01-2015 06:00,13.12
23-01-2015 07:00,22.05
23-01-2015 08:00,47.6
23-01-2015 09:00,47.64
23-01-2015 10:00,37.55
23-01-2015 11:00,31.75
23-01-2015 12:00,32.29
23-01-2015 13:00,30.35
23-01-2015 14:00,30.34
23-01-2015 15:00,29.22
23-01-2015 16:00,29.38
23-01-2015 17:00,26.28
23-01-2015 18:00,23.85
23-01-2015 19:00,26.51
23-01-2015 20:00,22.83
23-01-2015 21:00,17.68
23-01-2015 22:00,13.01
23-01-2015 23:00,11.13
24-01-2015 00:00,11.6
24-01-2015 01:00,11.08
24-01-2015 02:00,11.46
24-01-2015 03:00,10.8
24-01-2015 04:00,11.48
24-01-2015 05:00,10.78
24-01-2015 06:00,11.37
24-01-2015 07:00,11.42
24-01-2015 08:00,12.16
24-01-2015 09:00,11.43
24-01-2015 10:00,10.8
24-01-2015 11:00,14.53
24-01-2015 12:00,13.62
24-01-2015 13:00,15.56
24-01-2015 14:00,11.66
24-01-2015 15:00,12.38
24-01-2015 16:00,13.68
24-01-2015 17:00,12.69
24-01-2015 18:00,10.92
24-01-2015 19:00,11.08
24-01-2015 20:00,10.24
24-01-2015 21:00,11.08
24-01-2015 22:00,10.61
24-01-2015 23:00,10.79
25-01-2015 00:00,10.77
25-01-2015 01:00,10.61
25-01-2015 02:00,11.33
25-01-2015 03:00,10.69
25-01-2015 04:00,10.84
25-01-2015 05:00,10.81
25-01-2015 06:00,10.4
25-01-2015 07:00,11.26
25-01-2015 08:00,10.51
25-01-2015 09:00,11.14
25-01-2015 10:00,10.59
25-01-2015 11:00,10.48
25-01-2015 12:00,11.11
25-01-2015 13:00,10.62
25-01-2015 14:00,11.27
25-01-2015 15:00,12.83
25-01-2015 16:00,12.3
25-01-2015 17:00,12.99
25-01-2015 18:00,12.2
25-01-2015 19:00,9.24
25-01-2015 20:00,10.86
25-01-2015 21:00,10.48
25-01-2015 22:00,11.14
25-01-2015 23:00,10.48
26-01-2015 00:00,10.76
26-01-2015 01:00,11.42
26-01-2015 02:00,10.57
26-01-2015 03:00,11.17
26-01-2015 04:00,10.48
26-01-2015 05:00,12.25
26-01-2015 06:00,12
26-01-2015 07:00,21.23
26-01-2015 08:00,41.41
26-01-2015 09:00,42.84
26-01-2015 10:00,33.61
26-01-2015 11:00,32.69
26-01-2015 12:00,30.79
26-01-2015 13:00,31.8
26-01-2015 14:00,30.95
26-01-2015 15:00,30.44
26-01-2015 16:00,30.66
26-01-2015 17:00,27
26-01-2015 18:00,23.11
26-01-2015 19:00,22.05
26-01-2015 20:00,21.08
26-01-2015 21:00,14.88
26-01-2015 22:00,10.75
26-01-2015 23:00,7.89
27-01-2015 00:00,7.8
27-01-2015 01:00,8.63
27-01-2015 02:00,7.56
27-01-2015 03:00,7.94
27-01-2015 04:00,8.47
27-01-2015 05:00,8.4
27-01-2015 06:00,9.66
27-01-2015 07:00,17.53
27-01-2015 08:00,34.52
27-01-2015 09:00,36.36
27-01-2015 10:00,32.96
27-01-2015 11:00,32.92
27-01-2015 12:00,32.76
27-01-2015 13:00,36.27
27-01-2015 14:00,35.32
27-01-2015 15:00,36.88
27-01-2015 16:00,36.43
27-01-2015 17:00,31.4
27-01-2015 18:00,26.11
27-01-2015 19:00,23.12
27-01-2015 20:00,21.17
27-01-2015 21:00,14.31
27-01-2015 22:00,9.98
27-01-2015 23:00,8.69
28-01-2015 00:00,9.14
28-01-2015 01:00,5.36
28-01-2015 02:00,9.1525
28-01-2015 03:00,1.57
28-01-2015 04:00,3.08
28-01-2015 05:00,9.7
28-01-2015 06:00,9.84
28-01-2015 07:00,17.27
28-01-2015 08:00,33.21
28-01-2015 09:00,32.74
28-01-2015 10:00,34.64
28-01-2015 11:00,34.4
28-01-2015 12:00,39.22
28-01-2015 13:00,37.82
28-01-2015 14:00,36.62
28-01-2015 15:00,36.62
28-01-2015 16:00,33.93
28-01-2015 17:00,29.79
28-01-2015 18:00,24.8
28-01-2015 19:00,22.05
28-01-2015 20:00,21.63
28-01-2015 21:00,15.72
28-01-2015 22:00,9.49
28-01-2015 23:00,8.35
29-01-2015 00:00,9.02
29-01-2015 01:00,8.43
29-01-2015 02:00,8.39
29-01-2015 03:00,9.06
29-01-2015 04:00,8.48
29-01-2015 05:00,8.26
29-01-2015 06:00,10.66
29-01-2015 07:00,15.72
29-01-2015 08:00,34.31
29-01-2015 09:00,33.6
29-01-2015 10:00,35.21
29-01-2015 11:00,33.85
29-01-2015 12:00,33.11
29-01-2015 13:00,33.78
29-01-2015 14:00,31.98
29-01-2015 15:00,30.89
29-01-2015 16:00,30.2
29-01-2015 17:00,27.1
29-01-2015 18:00,23.28
29-01-2015 19:00,22.64
29-01-2015 20:00,20.77
29-01-2015 21:00,12.9
29-01-2015 22:00,10.67
29-01-2015 23:00,8.32
30-01-2015 00:00,8.46
30-01-2015 01:00,9.18
30-01-2015 02:00,8.37
30-01-2015 03:00,9.02
30-01-2015 04:00,8.35
30-01-2015 05:00,8.45
30-01-2015 06:00,12.86
30-01-2015 07:00,14.77
30-01-2015 08:00,30.16
30-01-2015 09:00,34.04
30-01-2015 10:00,32.69
30-01-2015 11:00,32.62
30-01-2015 12:00,33.36
30-01-2015 13:00,32.61
30-01-2015 14:00,30.14
30-01-2015 15:00,30.39
30-01-2015 16:00,27.83
30-01-2015 17:00,26.22
30-01-2015 18:00,25.28
30-01-2015 19:00,28.22
30-01-2015 20:00,24.13
30-01-2015 21:00,16
30-01-2015 22:00,9.61
30-01-2015 23:00,8.47
31-01-2015 00:00,8.9
31-01-2015 01:00,8.13
31-01-2015 02:00,8.26
31-01-2015 03:00,8.22
31-01-2015 04:00,8.83
31-01-2015 05:00,8.3
31-01-2015 06:00,8.24
31-01-2015 07:00,8.72
31-01-2015 08:00,8.08
31-01-2015 09:00,7.99
31-01-2015 10:00,8.89
31-01-2015 11:00,9.26
31-01-2015 12:00,12.74
31-01-2015 13:00,10.05
31-01-2015 14:00,10.47
31-01-2015 15:00,10.56
31-01-2015 16:00,9.91
31-01-2015 17:00,10.25
31-01-2015 18:00,10.19
31-01-2015 19:00,9.82
31-01-2015 20:00,10.26
31-01-2015 21:00,9.79
31-01-2015 22:00,10.45
31-01-2015 23:00,9.6
01-02-2015 0:00,9.91
01-02-2015 1:00,10.94
01-02-2015 2:00,9.92
01-02-2015 3:00,10.55
01-02-2015 4:00,9.98
01-02-2015 5:00,10.55
01-02-2015 6:00,9.79
01-02-2015 7:00,9.75
01-02-2015 8:00,10.45
01-02-2015 9:00,9.7
01-02-2015 10:00,9.98
01-02-2015 11:00,13.49
01-02-2015 12:00,10.78
01-02-2015 13:00,10.7
01-02-2015 14:00,8.95
01-02-2015 15:00,8.64
01-02-2015 16:00,7.92
01-02-2015 17:00,7.94
01-02-2015 18:00,8.49
01-02-2015 19:00,7.69
01-02-2015 20:00,8.65
01-02-2015 21:00,7.72
01-02-2015 22:00,7.92
01-02-2015 23:00,7.91
02-02-2015 0:00,8.98
02-02-2015 1:00,7.91
02-02-2015 2:00,7.97
02-02-2015 3:00,8.65
02-02-2015 4:00,7.64
02-02-2015 5:00,8.96
02-02-2015 6:00,10.33
02-02-2015 7:00,20.8
02-02-2015 8:00,43.88
02-02-2015 9:00,36.41
02-02-2015 10:00,31.51
02-02-2015 11:00,31.95
02-02-2015 12:00,32.32
02-02-2015 13:00,32.61
02-02-2015 14:00,33.7
02-02-2015 15:00,35.59
02-02-2015 16:00,33.23
02-02-2015 17:00,28.83
02-02-2015 18:00,24.6
02-02-2015 19:00,23.96
02-02-2015 20:00,21.86
02-02-2015 21:00,14.48
02-02-2015 22:00,11.2
02-02-2015 23:00,10.33
03-02-2015 0:00,9.43
03-02-2015 1:00,9.4
03-02-2015 2:00,10.13
03-02-2015 3:00,9.28
03-02-2015 4:00,9.5
03-02-2015 5:00,10.49
03-02-2015 6:00,11.76
03-02-2015 7:00,18.19
03-02-2015 8:00,38.57
03-02-2015 9:00,36.14
03-02-2015 10:00,32.62
03-02-2015 11:00,32.11
03-02-2015 12:00,34.14
03-02-2015 13:00,38.01
03-02-2015 14:00,37.65
03-02-2015 15:00,36.76
03-02-2015 16:00,32.65
03-02-2015 17:00,28.84
03-02-2015 18:00,25.21
03-02-2015 19:00,21.61
03-02-2015 20:00,20.27
03-02-2015 21:00,13.43
03-02-2015 22:00,9.54
03-02-2015 23:00,8.65
04-02-2015 0:00,8.27
04-02-2015 1:00,8.4
04-02-2015 2:00,9.28
04-02-2015 3:00,8.38
04-02-2015 4:00,8.98
04-02-2015 5:00,9.18
04-02-2015 6:00,9.81
04-02-2015 7:00,15.52
04-02-2015 8:00,33.29
04-02-2015 9:00,34.26
04-02-2015 10:00,32.19
04-02-2015 11:00,32.3
04-02-2015 12:00,33.69
04-02-2015 13:00,33.7
04-02-2015 14:00,34.93
04-02-2015 15:00,36.49
04-02-2015 16:00,37.06
04-02-2015 17:00,30.39
04-02-2015 18:00,24.57
04-02-2015 19:00,21.58
04-02-2015 20:00,20.54
04-02-2015 21:00,13.6
04-02-2015 22:00,9.72
04-02-2015 23:00,8.69
05-02-2015 0:00,9.01
05-02-2015 1:00,8.52
05-02-2015 2:00,9.15
05-02-2015 3:00,8.55
05-02-2015 4:00,8.41
05-02-2015 5:00,9.92
05-02-2015 6:00,9.89
05-02-2015 7:00,14.36
05-02-2015 8:00,32.5
05-02-2015 9:00,32.31
05-02-2015 10:00,33.76
05-02-2015 11:00,35.41
05-02-2015 12:00,34.87
05-02-2015 13:00,38.62
05-02-2015 14:00,37.15
05-02-2015 15:00,39.93
05-02-2015 16:00,39.76
05-02-2015 17:00,33.66
05-02-2015 18:00,26.04
05-02-2015 19:00,21.71
05-02-2015 20:00,20.43
05-02-2015 21:00,3.92
05-02-2015 22:00,4.28
05-02-2015 23:00,6.34
06-02-2015 0:00,8.2
06-02-2015 1:00,9.04
06-02-2015 2:00,8.21
06-02-2015 3:00,8.23
06-02-2015 4:00,8.89
06-02-2015 5:00,8.19
06-02-2015 6:00,10.56
06-02-2015 7:00,15.29
06-02-2015 8:00,30.59
06-02-2015 9:00,29.24
06-02-2015 10:00,31.96
06-02-2015 11:00,33.37
06-02-2015 12:00,34.83
06-02-2015 13:00,35.3
06-02-2015 14:00,40.15
06-02-2015 15:00,42.54
06-02-2015 16:00,36.1
06-02-2015 17:00,28.81
06-02-2015 18:00,24.69
06-02-2015 19:00,22
06-02-2015 20:00,20.56
06-02-2015 21:00,12.54
06-02-2015 22:00,10.64
06-02-2015 23:00,8.52
07-02-2015 0:00,8.46
07-02-2015 1:00,9.21
07-02-2015 2:00,8.42
07-02-2015 3:00,8.5
07-02-2015 4:00,9.39
07-02-2015 5:00,8.46
07-02-2015 6:00,9.29
07-02-2015 7:00,8.4
07-02-2015 8:00,8.41
07-02-2015 9:00,8.9
07-02-2015 10:00,8.39
07-02-2015 11:00,9.17
07-02-2015 12:00,8.51
07-02-2015 13:00,8.77
07-02-2015 14:00,9.69
07-02-2015 15:00,8.54
07-02-2015 16:00,8.73
07-02-2015 17:00,9.22
07-02-2015 18:00,8.51
07-02-2015 19:00,8.25
07-02-2015 20:00,9.02
07-02-2015 21:00,8.64
07-02-2015 22:00,8.45
07-02-2015 23:00,9.22
08-02-2015 0:00,8.66
08-02-2015 1:00,8.48
08-02-2015 2:00,9.27
08-02-2015 3:00,8.46
08-02-2015 4:00,9
08-02-2015 5:00,8.74
08-02-2015 6:00,8.44
08-02-2015 7:00,9.05
08-02-2015 8:00,8.54
08-02-2015 9:00,9.03
08-02-2015 10:00,8.49
08-02-2015 11:00,11.11
08-02-2015 12:00,11.44
08-02-2015 13:00,10.05
08-02-2015 14:00,8.81
08-02-2015 15:00,9.54
08-02-2015 16:00,8.88
08-02-2015 17:00,8.58
08-02-2015 18:00,9.07
08-02-2015 19:00,8.23
08-02-2015 20:00,8.88
08-02-2015 21:00,8.37
08-02-2015 22:00,7.68
08-02-2015 23:00,8.4
09-02-2015 0:00,9.35
09-02-2015 1:00,8.55
09-02-2015 2:00,8.87
09-02-2015 3:00,8.64
09-02-2015 4:00,8.19
09-02-2015 5:00,8.98
09-02-2015 6:00,10.04
09-02-2015 7:00,14.59
09-02-2015 8:00,29.64
09-02-2015 9:00,29.93
09-02-2015 10:00,33.45
09-02-2015 11:00,32.53
09-02-2015 12:00,33.7
09-02-2015 13:00,37.08
09-02-2015 14:00,43.31
09-02-2015 15:00,43.07
09-02-2015 16:00,36.93
09-02-2015 17:00,31.16
09-02-2015 18:00,25.01
09-02-2015 19:00,23.53
09-02-2015 20:00,21.15
09-02-2015 21:00,13.33
09-02-2015 22:00,9.72
09-02-2015 23:00,8.96
10-02-2015 0:00,8.51
10-02-2015 1:00,8.52
10-02-2015 2:00,9.31
10-02-2015 3:00,8.57
10-02-2015 4:00,8.58
10-02-2015 5:00,9.07
10-02-2015 6:00,9.16
10-02-2015 7:00,14.31
10-02-2015 8:00,30.91
10-02-2015 9:00,30.64
10-02-2015 10:00,32.81
10-02-2015 11:00,33.17
10-02-2015 12:00,34.65
10-02-2015 13:00,34.62
10-02-2015 14:00,37.66
10-02-2015 15:00,39.05
10-02-2015 16:00,39.27
10-02-2015 17:00,35.61
10-02-2015 18:00,29.32
10-02-2015 19:00,27.87
10-02-2015 20:00,24.22
10-02-2015 21:00,15.38
10-02-2015 22:00,12.02
10-02-2015 23:00,10.39
11-02-2015 0:00,10.92
11-02-2015 1:00,9.92
11-02-2015 2:00,10
11-02-2015 3:00,10.69
11-02-2015 4:00,9.95
11-02-2015 5:00,10.14
11-02-2015 6:00,10.43
11-02-2015 7:00,15.87
11-02-2015 8:00,27.61
11-02-2015 9:00,30.66
11-02-2015 10:00,32.93
11-02-2015 11:00,33.91
11-02-2015 12:00,34.75
11-02-2015 13:00,35.99
11-02-2015 14:00,36.05
11-02-2015 15:00,36.81
11-02-2015 16:00,40.96
11-02-2015 17:00,35.89
11-02-2015 18:00,27.55
11-02-2015 19:00,23.49
11-02-2015 20:00,22.32
11-02-2015 21:00,15.29
11-02-2015 22:00,9.9
11-02-2015 23:00,8.28
12-02-2015 0:00,9.41
12-02-2015 1:00,8.24
12-02-2015 2:00,8.19
12-02-2015 3:00,8.95
12-02-2015 4:00,8.29
12-02-2015 5:00,9.01
12-02-2015 6:00,10.26
12-02-2015 7:00,14.6
12-02-2015 8:00,26.82
12-02-2015 9:00,31.7
12-02-2015 10:00,34.85
12-02-2015 11:00,34.85
12-02-2015 12:00,34.19
12-02-2015 13:00,37.26
12-02-2015 14:00,39.1
12-02-2015 15:00,37.27
12-02-2015 16:00,38.9
12-02-2015 17:00,32.84
12-02-2015 18:00,26.83
12-02-2015 19:00,23.56
12-02-2015 20:00,21.75
12-02-2015 21:00,13.44
12-02-2015 22:00,9.86
12-02-2015 23:00,8.91
13-02-2015 00:00,8.25
13-02-2015 01:00,8.25
13-02-2015 02:00,9.03
13-02-2015 03:00,8.27
13-02-2015 04:00,8.35
13-02-2015 05:00,8.96
13-02-2015 06:00,8.49
13-02-2015 07:00,14.02
13-02-2015 08:00,28.32
13-02-2015 09:00,29.7
13-02-2015 10:00,33.41
13-02-2015 11:00,34.56
13-02-2015 12:00,33.21
13-02-2015 13:00,37.25
13-02-2015 14:00,40.38
13-02-2015 15:00,39.18
13-02-2015 16:00,38.04
13-02-2015 17:00,35.26
13-02-2015 18:00,27
13-02-2015 19:00,23.99
13-02-2015 20:00,21.6
13-02-2015 21:00,15.14
13-02-2015 22:00,10.15
13-02-2015 23:00,9.07
14-02-2015 00:00,8.73
14-02-2015 01:00,8.4
14-02-2015 02:00,9.37
14-02-2015 03:00,8.46
14-02-2015 04:00,8.96
14-02-2015 05:00,8.48
14-02-2015 06:00,8.42
14-02-2015 07:00,8.72
14-02-2015 08:00,8.4
14-02-2015 09:00,9.31
14-02-2015 10:00,8.45
14-02-2015 11:00,8.34
14-02-2015 12:00,9.56
14-02-2015 13:00,8.6
14-02-2015 14:00,8.77
14-02-2015 15:00,9.31
14-02-2015 16:00,8.79
14-02-2015 17:00,8.7
14-02-2015 18:00,8.63
14-02-2015 19:00,8.8
14-02-2015 20:00,8.52
14-02-2015 21:00,9.01
14-02-2015 22:00,8.41
14-02-2015 23:00,8.74
15-02-2015 00:00,9.1
15-02-2015 01:00,8.42
15-02-2015 02:00,8.23
15-02-2015 03:00,8.88
15-02-2015 04:00,8.95
15-02-2015 05:00,8.33
15-02-2015 06:00,8.39
15-02-2015 07:00,9.21
15-02-2015 08:00,8.53
15-02-2015 09:00,8.37
15-02-2015 10:00,8.53
15-02-2015 11:00,11.56
15-02-2015 12:00,10.28
15-02-2015 13:00,10.52
15-02-2015 14:00,9.94
15-02-2015 15:00,8.48
15-02-2015 16:00,8.44
15-02-2015 17:00,8.55
15-02-2015 18:00,9.1
15-02-2015 19:00,8.29
15-02-2015 20:00,8.44
15-02-2015 21:00,9.02
15-02-2015 22:00,8.31
15-02-2015 23:00,8.43
16-02-2015 00:00,9.19
16-02-2015 01:00,8.44
16-02-2015 02:00,8.4
16-02-2015 03:00,9
16-02-2015 04:00,8.61
16-02-2015 05:00,8.56
16-02-2015 06:00,9.45
16-02-2015 07:00,17.11
16-02-2015 08:00,29.88
16-02-2015 09:00,33.09
16-02-2015 10:00,36.23
16-02-2015 11:00,36.21
16-02-2015 12:00,38.63
16-02-2015 13:00,40.93
16-02-2015 14:00,41.88
16-02-2015 15:00,40.84
16-02-2015 16:00,37.4
16-02-2015 17:00,31.66
16-02-2015 18:00,26.14
16-02-2015 19:00,23.19
16-02-2015 20:00,25.21
16-02-2015 21:00,14.21
16-02-2015 22:00,9.34
16-02-2015 23:00,9.12
17-02-2015 00:00,8.29
17-02-2015 01:00,8.44
17-02-2015 02:00,9.44
17-02-2015 03:00,8.48
17-02-2015 04:00,8.48
17-02-2015 05:00,9.07
17-02-2015 06:00,11.06
17-02-2015 07:00,16.43
17-02-2015 08:00,28.95
17-02-2015 09:00,32.47
17-02-2015 10:00,31.97
17-02-2015 11:00,34.87
17-02-2015 12:00,34.3
17-02-2015 13:00,37.01
17-02-2015 14:00,39.29
17-02-2015 15:00,38.91
17-02-2015 16:00,37.19
17-02-2015 17:00,30.35
17-02-2015 18:00,25.42
17-02-2015 19:00,23.97
17-02-2015 20:00,22.84
17-02-2015 21:00,16.43
17-02-2015 22:00,10.32
17-02-2015 23:00,9.69
18-02-2015 00:00,8.88
18-02-2015 01:00,8.21
18-02-2015 02:00,9.03
18-02-2015 03:00,8.53
18-02-2015 04:00,8.25
18-02-2015 05:00,9.09
18-02-2015 06:00,8.84
18-02-2015 07:00,15.04
18-02-2015 08:00,30.4
18-02-2015 09:00,30.97
18-02-2015 10:00,31.72
18-02-2015 11:00,34.19
18-02-2015 12:00,35.85
18-02-2015 13:00,37.11
18-02-2015 14:00,39.11
18-02-2015 15:00,38.03
18-02-2015 16:00,38.71
18-02-2015 17:00,33.29
18-02-2015 18:00,25.93
18-02-2015 19:00,22.97
18-02-2015 20:00,21.2
18-02-2015 21:00,15.14
18-02-2015 22:00,10.27
18-02-2015 23:00,8.71
19-02-2015 00:00,9.12
19-02-2015 01:00,8.4
19-02-2015 02:00,8.72
19-02-2015 03:00,9.28
19-02-2015 04:00,8.61
19-02-2015 05:00,9.11
19-02-2015 06:00,11.2
19-02-2015 07:00,14.32
19-02-2015 08:00,32.01
19-02-2015 09:00,33.24
19-02-2015 10:00,31.46
19-02-2015 11:00,31.58
19-02-2015 12:00,32.94
19-02-2015 13:00,35.05
19-02-2015 14:00,37.77
19-02-2015 15:00,37.27
19-02-2015 16:00,38.63
19-02-2015 17:00,32
19-02-2015 18:00,26.12
19-02-2015 19:00,22.69
19-02-2015 20:00,21.91
19-02-2015 21:00,15.37
19-02-2015 22:00,10.93
19-02-2015 23:00,9.49
20-02-2015 00:00,8.72
20-02-2015 01:00,8.71
20-02-2015 02:00,9.54
20-02-2015 03:00,8.69
20-02-2015 04:00,8.55
20-02-2015 05:00,9.49
20-02-2015 06:00,9.01
20-02-2015 07:00,15.34
20-02-2015 08:00,29.59
20-02-2015 09:00,30.74
20-02-2015 10:00,30.86
20-02-2015 11:00,29.45
20-02-2015 12:00,32.81
20-02-2015 13:00,35.09
20-02-2015 14:00,35.58
20-02-2015 15:00,34.39
20-02-2015 16:00,33.08
20-02-2015 17:00,28.81
20-02-2015 18:00,24.65
20-02-2015 19:00,21.99
20-02-2015 20:00,22.28
20-02-2015 21:00,12.36
20-02-2015 22:00,9.59
20-02-2015 23:00,9.23
21-02-2015 00:00,8.55
21-02-2015 01:00,8.3
21-02-2015 02:00,9.19
21-02-2015 03:00,8.46
21-02-2015 04:00,9.22
21-02-2015 05:00,8.44
21-02-2015 06:00,8.38
21-02-2015 07:00,9.16
21-02-2015 08:00,8.51
21-02-2015 09:00,8.51
21-02-2015 10:00,9.27
21-02-2015 11:00,8.57
21-02-2015 12:00,8.5
21-02-2015 13:00,9.59
21-02-2015 14:00,8.51
21-02-2015 15:00,8.7
21-02-2015 16:00,9.37
21-02-2015 17:00,8.69
21-02-2015 18:00,8.48
21-02-2015 19:00,9.52
21-02-2015 20:00,8.88
21-02-2015 21:00,8.44
21-02-2015 22:00,9.25
21-02-2015 23:00,8.62
22-02-2015 00:00,8.6
22-02-2015 01:00,9.32
22-02-2015 02:00,8.46
22-02-2015 03:00,8.82
22-02-2015 04:00,9.33
22-02-2015 05:00,10.36
22-02-2015 06:00,9.04
22-02-2015 07:00,9.44
22-02-2015 08:00,8.85
22-02-2015 09:00,9.42
22-02-2015 10:00,8.79
22-02-2015 11:00,8.35
22-02-2015 12:00,8.89
22-02-2015 13:00,8.53
22-02-2015 14:00,8.36
22-02-2015 15:00,8.88
22-02-2015 16:00,8.4
22-02-2015 17:00,8.4
22-02-2015 18:00,8.95
22-02-2015 19:00,8.2
22-02-2015 20:00,8.2
22-02-2015 21:00,8.6
22-02-2015 22:00,8.4
22-02-2015 23:00,8.47
23-02-2015 00:00,8.98
23-02-2015 01:00,8
23-02-2015 02:00,8.22
23-02-2015 03:00,8.21
23-02-2015 04:00,8.83
23-02-2015 05:00,8.26
23-02-2015 06:00,10.59
23-02-2015 07:00,14.2
23-02-2015 08:00,27.48
23-02-2015 09:00,30.1
23-02-2015 10:00,34.69
23-02-2015 11:00,33.04
23-02-2015 12:00,30.42
23-02-2015 13:00,29.56
23-02-2015 14:00,31.91
23-02-2015 15:00,34.33
23-02-2015 16:00,33.1
23-02-2015 17:00,28.19
23-02-2015 18:00,21.87
23-02-2015 19:00,19.89
23-02-2015 20:00,21.53
23-02-2015 21:00,14.9
23-02-2015 22:00,10.62
23-02-2015 23:00,9.52
24-02-2015 00:00,8.76
24-02-2015 01:00,8.61
24-02-2015 02:00,9.48
24-02-2015 03:00,8.66
24-02-2015 04:00,8.75
24-02-2015 05:00,9.13
24-02-2015 06:00,9.19
24-02-2015 07:00,15.97
24-02-2015 08:00,32.14
24-02-2015 09:00,30.4
24-02-2015 10:00,28.79
24-02-2015 11:00,30.9
24-02-2015 12:00,30.5
24-02-2015 13:00,31.1
24-02-2015 14:00,34.46
24-02-2015 15:00,31.54
24-02-2015 16:00,34.1
24-02-2015 17:00,28.63
24-02-2015 18:00,23.54
24-02-2015 19:00,22.74
24-02-2015 20:00,21.51
24-02-2015 21:00,13.04
24-02-2015 22:00,10.19
24-02-2015 23:00,9.58
25-02-2015 00:00,8.68
25-02-2015 01:00,8.55
25-02-2015 02:00,9.43
25-02-2015 03:00,8.62
25-02-2015 04:00,8.7
25-02-2015 05:00,9.27
25-02-2015 06:00,8.66
25-02-2015 07:00,16.07
25-02-2015 08:00,36.65
25-02-2015 09:00,34
25-02-2015 10:00,33.5
25-02-2015 11:00,32.7
25-02-2015 12:00,31.44
25-02-2015 13:00,35.23
25-02-2015 14:00,36.12
25-02-2015 15:00,38.91
25-02-2015 16:00,35.12
25-02-2015 17:00,30.37
25-02-2015 18:00,25.94
25-02-2015 19:00,23.23
25-02-2015 20:00,21.42
25-02-2015 21:00,15.34
25-02-2015 22:00,10.15
25-02-2015 23:00,9.4
26-02-2015 00:00,8.51
26-02-2015 01:00,9.16
26-02-2015 02:00,8.46
26-02-2015 03:00,8.74
26-02-2015 04:00,9.21
26-02-2015 05:00,8.4
26-02-2015 06:00,8.58
26-02-2015 07:00,14.09
26-02-2015 08:00,33.56
26-02-2015 09:00,33.23
26-02-2015 10:00,34.28
26-02-2015 11:00,34.49
26-02-2015 12:00,35.38
26-02-2015 13:00,35.46
26-02-2015 14:00,38.67
26-02-2015 15:00,40.31
26-02-2015 16:00,36.86
26-02-2015 17:00,31.05
26-02-2015 18:00,25.2
26-02-2015 19:00,16.9
26-02-2015 20:00,13.13
26-02-2015 21:00,11.14
26-02-2015 22:00,10.72
26-02-2015 23:00,8.56
27-02-2015 00:00,8.39
27-02-2015 01:00,8.41
27-02-2015 02:00,8.58
27-02-2015 03:00,9
27-02-2015 04:00,8.42
27-02-2015 05:00,8.32
27-02-2015 06:00,27.15
27-02-2015 07:00,33.03
27-02-2015 08:00,33.82
27-02-2015 09:00,31.75
27-02-2015 10:00,34.37
27-02-2015 11:00,34.5
27-02-2015 12:00,34.7
27-02-2015 13:00,37
27-02-2015 14:00,35.41
27-02-2015 15:00,38.13
27-02-2015 16:00,35.1
27-02-2015 17:00,29.99
27-02-2015 18:00,24.99
27-02-2015 19:00,16.65
27-02-2015 20:00,12.35
27-02-2015 21:00,9.83
27-02-2015 22:00,10.16
27-02-2015 23:00,7.9
28-02-2015 00:00,8.32
28-02-2015 01:00,8.97
28-02-2015 02:00,8.29
28-02-2015 03:00,9.01
28-02-2015 04:00,8.4
28-02-2015 05:00,8.66
28-02-2015 06:00,8.89
28-02-2015 07:00,8.33
28-02-2015 08:00,8.35
28-02-2015 09:00,9.1
28-02-2015 10:00,8.47
28-02-2015 11:00,8.6
28-02-2015 12:00,8.6
28-02-2015 13:00,8.48
28-02-2015 14:00,8.94
28-02-2015 15:00,8.45
28-02-2015 16:00,8.36
28-02-2015 17:00,9.12
28-02-2015 18:00,8.5
28-02-2015 19:00,8.51
28-02-2015 20:00,8.95
28-02-2015 21:00,8.18
28-02-2015 22:00,8.97
28-02-2015 23:00,8.22
01-03-2015 0:00,8.41
01-03-2015 1:00,9.18
01-03-2015 2:00,8.7
01-03-2015 3:00,8.38
01-03-2015 4:00,9.03
01-03-2015 5:00,8.24
01-03-2015 6:00,9.27
01-03-2015 7:00,8.34
01-03-2015 8:00,8.33
01-03-2015 9:00,9.05
01-03-2015 10:00,10.24
01-03-2015 11:00,10.84
01-03-2015 12:00,11.97
01-03-2015 13:00,9.51
01-03-2015 14:00,8.7
01-03-2015 15:00,10.57
01-03-2015 16:00,8.39
01-03-2015 17:00,8.06
01-03-2015 18:00,8.92
01-03-2015 19:00,7.67
01-03-2015 20:00,7.86
01-03-2015 21:00,8.41
01-03-2015 22:00,7.9
01-03-2015 23:00,8.04
02-03-2015 0:00,8.77
02-03-2015 1:00,7.86
02-03-2015 2:00,7.94
02-03-2015 3:00,8.84
02-03-2015 4:00,7.99
02-03-2015 5:00,8.02
02-03-2015 6:00,18.18
02-03-2015 7:00,27.4
02-03-2015 8:00,34.56
02-03-2015 9:00,31.56
02-03-2015 10:00,30.35
02-03-2015 11:00,31.18
02-03-2015 12:00,31.43
02-03-2015 13:00,30.7
02-03-2015 14:00,27.1
02-03-2015 15:00,29.2
02-03-2015 16:00,26.64
02-03-2015 17:00,23.67
02-03-2015 18:00,24.76
02-03-2015 19:00,17.93
02-03-2015 20:00,12.82
02-03-2015 21:00,11.7
02-03-2015 22:00,10.63
02-03-2015 23:00,7.83
03-03-2015 0:00,7.63
03-03-2015 1:00,8.33
03-03-2015 2:00,7.63
03-03-2015 3:00,8.39
03-03-2015 4:00,7.63
03-03-2015 5:00,7.56
03-03-2015 6:00,26.1
03-03-2015 7:00,34.7
03-03-2015 8:00,37.47
03-03-2015 9:00,33.11
03-03-2015 10:00,32.11
03-03-2015 11:00,30.82
03-03-2015 12:00,32.78
03-03-2015 13:00,33.13
03-03-2015 14:00,30.85
03-03-2015 15:00,29.89
03-03-2015 16:00,30.09
03-03-2015 17:00,26.44
03-03-2015 18:00,22.28
03-03-2015 19:00,15.89
03-03-2015 20:00,12.19
03-03-2015 21:00,12.12
03-03-2015 22:00,10.03
03-03-2015 23:00,8.55
04-03-2015 0:00,7.85
04-03-2015 1:00,7.57
04-03-2015 2:00,8.45
04-03-2015 3:00,7.59
04-03-2015 4:00,7.55
04-03-2015 5:00,8.43
04-03-2015 6:00,28.21
04-03-2015 7:00,33.92
04-03-2015 8:00,36.18
04-03-2015 9:00,33.64
04-03-2015 10:00,31.35
04-03-2015 11:00,29.27
04-03-2015 12:00,34.4
04-03-2015 13:00,33.46
04-03-2015 14:00,33.31
04-03-2015 15:00,32.45
04-03-2015 16:00,33.68
04-03-2015 17:00,29.09
04-03-2015 18:00,24.99
04-03-2015 19:00,17.47
04-03-2015 20:00,13.33
04-03-2015 21:00,11.28
04-03-2015 22:00,10.7
04-03-2015 23:00,10.01
05-03-2015 0:00,10.07
05-03-2015 1:00,10.71
05-03-2015 2:00,9.92
05-03-2015 3:00,9.1
05-03-2015 4:00,8.49
05-03-2015 5:00,8.27
05-03-2015 6:00,29.12
05-03-2015 7:00,32.59
05-03-2015 8:00,36.3
05-03-2015 9:00,36.87
05-03-2015 10:00,37.56
05-03-2015 11:00,34.15
05-03-2015 12:00,31.16
05-03-2015 13:00,31.58
05-03-2015 14:00,33.93
05-03-2015 15:00,36.15
05-03-2015 16:00,34.49
05-03-2015 17:00,31.09
05-03-2015 18:00,25.7
05-03-2015 19:00,16.15
05-03-2015 20:00,14.19
05-03-2015 21:00,11.15
05-03-2015 22:00,10.6
05-03-2015 23:00,8.45
06-03-2015 0:00,8.35
06-03-2015 1:00,8.69
06-03-2015 2:00,8.32
06-03-2015 3:00,9.19
06-03-2015 4:00,8.19
06-03-2015 5:00,8.13
06-03-2015 6:00,23.45
06-03-2015 7:00,29.18
06-03-2015 8:00,35.18
06-03-2015 9:00,30.82
06-03-2015 10:00,32.34
06-03-2015 11:00,34.79
06-03-2015 12:00,32.57
06-03-2015 13:00,37.44
06-03-2015 14:00,34.71
06-03-2015 15:00,36.73
06-03-2015 16:00,33.55
06-03-2015 17:00,31.94
06-03-2015 18:00,24.83
06-03-2015 19:00,16.13
06-03-2015 20:00,12.86
06-03-2015 21:00,10.91
06-03-2015 22:00,9.82
06-03-2015 23:00,7.63
07-03-2015 0:00,8.09
07-03-2015 1:00,7.68
07-03-2015 2:00,7.68
07-03-2015 3:00,8.19
07-03-2015 4:00,7.63
07-03-2015 5:00,8.16
07-03-2015 6:00,7.46
07-03-2015 7:00,7.64
07-03-2015 8:00,9.75
07-03-2015 9:00,10.12
07-03-2015 10:00,10.39
07-03-2015 11:00,10.69
07-03-2015 12:00,9.82
07-03-2015 13:00,11.01
07-03-2015 14:00,10.06
07-03-2015 15:00,10.06
07-03-2015 16:00,10.4
07-03-2015 17:00,9.26
07-03-2015 18:00,7.69
07-03-2015 19:00,8
07-03-2015 20:00,7.62
07-03-2015 21:00,7.81
07-03-2015 22:00,8.4
07-03-2015 23:00,7.65
08-03-2015 0:00,7.33
08-03-2015 1:00,7.87
08-03-2015 2:00,7.98
08-03-2015 3:00,7.81
08-03-2015 4:00,8.28
08-03-2015 5:00,7.54
08-03-2015 6:00,7.67
08-03-2015 7:00,7.93
08-03-2015 8:00,7.59
08-03-2015 9:00,8.54
08-03-2015 10:00,7.82
08-03-2015 11:00,7.72
08-03-2015 12:00,8.3
08-03-2015 13:00,7.91
08-03-2015 14:00,7.95
08-03-2015 15:00,9.62
08-03-2015 16:00,7.7
08-03-2015 17:00,7.63
08-03-2015 18:00,8.38
08-03-2015 19:00,7.94
08-03-2015 20:00,7.37
08-03-2015 21:00,8.27
08-03-2015 22:00,7.54
08-03-2015 23:00,7.94
09-03-2015 0:00,8.12
09-03-2015 1:00,7.69
09-03-2015 2:00,7.59
09-03-2015 3:00,8.7
09-03-2015 4:00,7.57
09-03-2015 5:00,7.64
09-03-2015 6:00,18.1
09-03-2015 7:00,26.36
09-03-2015 8:00,31.46
09-03-2015 9:00,32.24
09-03-2015 10:00,32.08
09-03-2015 11:00,33.17
09-03-2015 12:00,35.13
09-03-2015 13:00,37.75
09-03-2015 14:00,39.42
09-03-2015 15:00,43.74
09-03-2015 16:00,38.62
09-03-2015 17:00,31.41
09-03-2015 18:00,24.19
09-03-2015 19:00,16.44
09-03-2015 20:00,11.76
09-03-2015 21:00,9.05
09-03-2015 22:00,8.28
09-03-2015 23:00,8.97
10-03-2015 0:00,8.14
10-03-2015 1:00,8.2
10-03-2015 2:00,8.98
10-03-2015 3:00,8.61
10-03-2015 4:00,8.96
10-03-2015 5:00,8.34
10-03-2015 6:00,18.92
10-03-2015 7:00,28.28
10-03-2015 8:00,33.44
10-03-2015 9:00,36.65
10-03-2015 10:00,39.87
10-03-2015 11:00,41.43
10-03-2015 12:00,41.88
10-03-2015 13:00,42.91
10-03-2015 14:00,47.83
10-03-2015 15:00,48.1
10-03-2015 16:00,45.02
10-03-2015 17:00,34.83
10-03-2015 18:00,28.89
10-03-2015 19:00,17.39
10-03-2015 20:00,12.57
10-03-2015 21:00,10.06
10-03-2015 22:00,8.57
10-03-2015 23:00,8.3
11-03-2015 0:00,7.45
11-03-2015 1:00,7.62
11-03-2015 2:00,8.56
11-03-2015 3:00,7.7
11-03-2015 4:00,7.57
11-03-2015 5:00,8.12
11-03-2015 6:00,16.52
11-03-2015 7:00,23.89
11-03-2015 8:00,30.17
11-03-2015 9:00,32.76
11-03-2015 10:00,35.9
11-03-2015 11:00,36.08
11-03-2015 12:00,37.9
11-03-2015 13:00,39.5
11-03-2015 14:00,40.66
11-03-2015 15:00,42.76
11-03-2015 16:00,41.81
11-03-2015 17:00,33.86
11-03-2015 18:00,28.02
11-03-2015 19:00,17.38
11-03-2015 20:00,11.64
11-03-2015 21:00,10.73
11-03-2015 22:00,7.68
11-03-2015 23:00,8.32
12-03-2015 0:00,7.65
12-03-2015 1:00,7.74
12-03-2015 2:00,7.68
12-03-2015 3:00,8.29
12-03-2015 4:00,7.67
12-03-2015 5:00,7.77
12-03-2015 6:00,18.89
12-03-2015 7:00,22.88
12-03-2015 8:00,28.6
12-03-2015 9:00,32.9
12-03-2015 10:00,35.94
12-03-2015 11:00,39.57
12-03-2015 12:00,40.11
12-03-2015 13:00,40.87
12-03-2015 14:00,45.24
12-03-2015 15:00,43.29
12-03-2015 16:00,38.59
12-03-2015 17:00,31.67
12-03-2015 18:00,27.52
12-03-2015 19:00,16.75
12-03-2015 20:00,10.57
12-03-2015 21:00,9.66
12-03-2015 22:00,7.6
12-03-2015 23:00,7.72
13-03-2015 00:00,8.57
13-03-2015 01:00,7.75
13-03-2015 02:00,7.72
13-03-2015 03:00,7.93
13-03-2015 04:00,8.6
13-03-2015 05:00,7.75
13-03-2015 06:00,15.26
13-03-2015 07:00,21.9
13-03-2015 08:00,30.13
13-03-2015 09:00,38.81
13-03-2015 10:00,39.86
13-03-2015 11:00,37.56
13-03-2015 12:00,38.99
13-03-2015 13:00,39.43
13-03-2015 14:00,41.68
13-03-2015 15:00,40.81
13-03-2015 16:00,41.29
13-03-2015 17:00,37.39
13-03-2015 18:00,28.74
13-03-2015 19:00,16.15
13-03-2015 20:00,9.66
13-03-2015 21:00,7.69
13-03-2015 22:00,8.31
13-03-2015 23:00,7.5
14-03-2015 00:00,7.69
14-03-2015 01:00,8.65
14-03-2015 02:00,7.85
14-03-2015 03:00,7.8
14-03-2015 04:00,7.79
14-03-2015 05:00,8.52
14-03-2015 06:00,7.61
14-03-2015 07:00,8.3
14-03-2015 08:00,7.84
14-03-2015 09:00,8.12
14-03-2015 10:00,8.62
14-03-2015 11:00,11.1
14-03-2015 12:00,9.71
14-03-2015 13:00,10.09
14-03-2015 14:00,10.45
14-03-2015 15:00,9.67
14-03-2015 16:00,10.78
14-03-2015 17:00,10.24
14-03-2015 18:00,9.62
14-03-2015 19:00,9.37
14-03-2015 20:00,10.1
14-03-2015 21:00,9.44
14-03-2015 22:00,9.31
14-03-2015 23:00,9.7
15-03-2015 00:00,10.14
15-03-2015 01:00,9.87
15-03-2015 02:00,10.1
15-03-2015 03:00,9.51
15-03-2015 04:00,9.54
15-03-2015 05:00,9.87
15-03-2015 06:00,9.3
15-03-2015 07:00,9.19
15-03-2015 08:00,10.11
15-03-2015 09:00,9.45
15-03-2015 10:00,9.54
15-03-2015 11:00,10.21
15-03-2015 12:00,10.67
15-03-2015 13:00,9.75
15-03-2015 14:00,9.75
15-03-2015 15:00,10.59
15-03-2015 16:00,9.93
15-03-2015 17:00,10.44
15-03-2015 18:00,10.1
15-03-2015 19:00,9.89
15-03-2015 20:00,9.41
15-03-2015 21:00,9.45
15-03-2015 22:00,10.15
15-03-2015 23:00,9.2
16-03-2015 00:00,9.73
16-03-2015 01:00,9.91
16-03-2015 02:00,9.47
16-03-2015 03:00,9.49
16-03-2015 04:00,10.12
16-03-2015 05:00,9.5
16-03-2015 06:00,18.32
16-03-2015 07:00,26.46
16-03-2015 08:00,37.5
16-03-2015 09:00,44.71
16-03-2015 10:00,48.84
16-03-2015 11:00,51.04
16-03-2015 12:00,48.93
16-03-2015 13:00,50.09
16-03-2015 14:00,49.15
16-03-2015 15:00,20.06
16-03-2015 16:00,45.4
16-03-2015 17:00,38.14
16-03-2015 18:00,29.26
16-03-2015 19:00,18.16
16-03-2015 20:00,10
16-03-2015 21:00,9.17
16-03-2015 22:00,7.52
16-03-2015 23:00,7.4
17-03-2015 00:00,7.64
17-03-2015 01:00,8.46
17-03-2015 02:00,7.63
17-03-2015 03:00,7.56
17-03-2015 04:00,8.58
17-03-2015 05:00,7.95
17-03-2015 06:00,16.59
17-03-2015 07:00,23.52
17-03-2015 08:00,34.76
17-03-2015 09:00,45.22
17-03-2015 10:00,39.88
17-03-2015 11:00,46.855
17-03-2015 12:00,48.6025
17-03-2015 13:00,23.29
17-03-2015 14:00,5.05
17-03-2015 15:00,51.51
17-03-2015 16:00,49.22
17-03-2015 17:00,40.45
17-03-2015 18:00,33.87
17-03-2015 19:00,18.2
17-03-2015 20:00,13.47
17-03-2015 21:00,10.48
17-03-2015 22:00,8.01
17-03-2015 23:00,8.14
18-03-2015 00:00,7.73
18-03-2015 01:00,7.89
18-03-2015 02:00,8.16
18-03-2015 03:00,8.27
18-03-2015 04:00,7.97
18-03-2015 05:00,7.67
18-03-2015 06:00,20.44
18-03-2015 07:00,26.92
18-03-2015 08:00,34.66
18-03-2015 09:00,39.23
18-03-2015 10:00,42.17
18-03-2015 11:00,40.79
18-03-2015 12:00,44.62
18-03-2015 13:00,40.85
18-03-2015 14:00,42.2
18-03-2015 15:00,37.85
18-03-2015 16:00,19.57
18-03-2015 17:00,30.84
18-03-2015 18:00,26.37
18-03-2015 19:00,17.51
18-03-2015 20:00,11.81
18-03-2015 21:00,10.13
18-03-2015 22:00,9.23
18-03-2015 23:00,8
19-03-2015 00:00,8.29
19-03-2015 01:00,8.94
19-03-2015 02:00,8.23
19-03-2015 03:00,7.89
19-03-2015 04:00,7.62
19-03-2015 05:00,8.29
19-03-2015 06:00,16.62
19-03-2015 07:00,22.58
19-03-2015 08:00,28.49
19-03-2015 09:00,31.35
19-03-2015 10:00,35.11
19-03-2015 11:00,35.82
19-03-2015 12:00,31.02
19-03-2015 13:00,9.62
19-03-2015 14:00,4.99
19-03-2015 15:00,11.6
19-03-2015 16:00,27.52
19-03-2015 17:00,30.89
19-03-2015 18:00,26.79
19-03-2015 19:00,16.64
19-03-2015 20:00,10.25
19-03-2015 21:00,8.75
19-03-2015 22:00,8.42
19-03-2015 23:00,7.76
20-03-2015 00:00,7.7
20-03-2015 01:00,7.78
20-03-2015 02:00,7.88
20-03-2015 03:00,7.85
20-03-2015 04:00,7.79
20-03-2015 05:00,8.46
20-03-2015 06:00,14.94
20-03-2015 07:00,20.37
20-03-2015 08:00,27.24
20-03-2015 09:00,32.35
20-03-2015 10:00,35.61
20-03-2015 11:00,36.33
20-03-2015 12:00,37.47
20-03-2015 13:00,39.96
20-03-2015 14:00,36.59
20-03-2015 15:00,36.54
20-03-2015 16:00,36.57
20-03-2015 17:00,32.22
20-03-2015 18:00,28.2
20-03-2015 19:00,16.43
20-03-2015 20:00,9.76
20-03-2015 21:00,7.54
20-03-2015 22:00,8.61
20-03-2015 23:00,7.56
21-03-2015 00:00,7.45
21-03-2015 01:00,8.33
21-03-2015 02:00,7.42
21-03-2015 03:00,8.48
21-03-2015 04:00,7.63
21-03-2015 05:00,7.4
21-03-2015 06:00,8.26
21-03-2015 07:00,7.83
21-03-2015 08:00,7.73
21-03-2015 09:00,8.25
21-03-2015 10:00,7.63
21-03-2015 11:00,11.02
21-03-2015 12:00,12.47
21-03-2015 13:00,9.87
21-03-2015 14:00,9.92
21-03-2015 15:00,10.71
21-03-2015 16:00,9.82
21-03-2015 17:00,10.27
21-03-2015 18:00,9.3
21-03-2015 19:00,10.28
21-03-2015 20:00,9.23
21-03-2015 21:00,9.25
21-03-2015 22:00,10.15
21-03-2015 23:00,9.18
22-03-2015 00:00,9.3
22-03-2015 01:00,9.96
22-03-2015 02:00,9.39
22-03-2015 03:00,9.44
22-03-2015 04:00,10.05
22-03-2015 05:00,9.17
22-03-2015 06:00,9.25
22-03-2015 07:00,9.98
22-03-2015 08:00,9.86
22-03-2015 09:00,9.32
22-03-2015 10:00,10.39
22-03-2015 11:00,9.55
22-03-2015 12:00,9.65
22-03-2015 13:00,10.64
22-03-2015 14:00,10.58
22-03-2015 15:00,10.14
22-03-2015 16:00,10.04
22-03-2015 17:00,10.7
22-03-2015 18:00,10.02
22-03-2015 19:00,9.38
22-03-2015 20:00,9.59
22-03-2015 21:00,10.02
22-03-2015 22:00,9.15
22-03-2015 23:00,9.07
23-03-2015 00:00,10.03
23-03-2015 01:00,9.29
23-03-2015 02:00,10.02
23-03-2015 03:00,9.15
23-03-2015 04:00,9.16
23-03-2015 05:00,9.24
23-03-2015 06:00,17.26
23-03-2015 07:00,22.01
23-03-2015 08:00,30.61
23-03-2015 09:00,37.9
23-03-2015 10:00,32.08
23-03-2015 11:00,33.17
23-03-2015 12:00,39.24
23-03-2015 13:00,42.02
23-03-2015 14:00,44.51
23-03-2015 15:00,49.99
23-03-2015 16:00,45.88
23-03-2015 17:00,36.54
23-03-2015 18:00,30.03
23-03-2015 19:00,17.12
23-03-2015 20:00,10.8
23-03-2015 21:00,9.47
23-03-2015 22:00,8.38
23-03-2015 23:00,8.4
24-03-2015 00:00,9.13
24-03-2015 01:00,8.64
24-03-2015 02:00,8.77
24-03-2015 03:00,9.26
24-03-2015 04:00,8.43
24-03-2015 05:00,8.64
24-03-2015 06:00,18.14
24-03-2015 07:00,23.94
24-03-2015 08:00,33.59
24-03-2015 09:00,37.96
24-03-2015 10:00,40.9
24-03-2015 11:00,41.86
24-03-2015 12:00,43.46
24-03-2015 13:00,45.56
24-03-2015 14:00,47.17
24-03-2015 15:00,47.08
24-03-2015 16:00,48.09
24-03-2015 17:00,40.4
24-03-2015 18:00,31.52
24-03-2015 19:00,17.71
24-03-2015 20:00,11.2
24-03-2015 21:00,9.43
24-03-2015 22:00,7.64
24-03-2015 23:00,8.45
25-03-2015 00:00,7.69
25-03-2015 01:00,7.8
25-03-2015 02:00,8.54
25-03-2015 03:00,8.03
25-03-2015 04:00,7.85
25-03-2015 05:00,8.51
25-03-2015 06:00,15.33
25-03-2015 07:00,22.92
25-03-2015 08:00,33.05
25-03-2015 09:00,39.78
25-03-2015 10:00,42.69
25-03-2015 11:00,42.89
25-03-2015 12:00,42.82
25-03-2015 13:00,44.77
25-03-2015 14:00,45.99
25-03-2015 15:00,47.45
25-03-2015 16:00,45.87
25-03-2015 17:00,41.1
25-03-2015 18:00,33.58
25-03-2015 19:00,20.54
25-03-2015 20:00,10.74
25-03-2015 21:00,9.85
25-03-2015 22:00,7.78
25-03-2015 23:00,7.74
26-03-2015 00:00,8.48
26-03-2015 01:00,7.82
26-03-2015 02:00,7.8
26-03-2015 03:00,8.42
26-03-2015 04:00,7.69
26-03-2015 05:00,7.73
26-03-2015 06:00,17.98
26-03-2015 07:00,23.55
26-03-2015 08:00,35.81
26-03-2015 09:00,38.6
26-03-2015 10:00,31.51
26-03-2015 11:00,44.57
26-03-2015 12:00,43.73
26-03-2015 13:00,46.49
26-03-2015 14:00,47.1
26-03-2015 15:00,46.9
26-03-2015 16:00,49.59
26-03-2015 17:00,42.98
26-03-2015 18:00,34.3
26-03-2015 19:00,20.73
26-03-2015 20:00,13.39
26-03-2015 21:00,10.44
26-03-2015 22:00,8.86
26-03-2015 23:00,8.38
27-03-2015 00:00,7.99
27-03-2015 01:00,8.48
27-03-2015 02:00,8.43
27-03-2015 03:00,8.16
27-03-2015 04:00,8.31
27-03-2015 05:00,8.63
27-03-2015 06:00,17.58
27-03-2015 07:00,24.47
27-03-2015 08:00,33.82
27-03-2015 09:00,42.72
27-03-2015 10:00,42.95
27-03-2015 11:00,45.72
27-03-2015 12:00,44.56
27-03-2015 13:00,45.02
27-03-2015 14:00,44.43
27-03-2015 15:00,46.22
27-03-2015 16:00,45.26
27-03-2015 17:00,41.63
27-03-2015 18:00,33.34
27-03-2015 19:00,19.46
27-03-2015 20:00,10.45
27-03-2015 21:00,8.26
27-03-2015 22:00,8.51
27-03-2015 23:00,7.73
28-03-2015 00:00,7.62
28-03-2015 01:00,8.41
28-03-2015 02:00,7.61
28-03-2015 03:00,8.4
28-03-2015 04:00,7.69
28-03-2015 05:00,7.74
28-03-2015 06:00,8.4
28-03-2015 07:00,7.86
28-03-2015 08:00,7.92
28-03-2015 09:00,9.36
28-03-2015 10:00,8.79
28-03-2015 11:00,8.82
28-03-2015 12:00,8.95
28-03-2015 13:00,9.46
28-03-2015 14:00,9.61
28-03-2015 15:00,10.4
28-03-2015 16:00,8.49
28-03-2015 17:00,16.2325
28-03-2015 18:00,14.86
28-03-2015 19:00,12.8375
28-03-2015 20:00,11.83
28-03-2015 21:00,10.4675
28-03-2015 22:00,9.89
28-03-2015 23:00,9.425
29-03-2015 00:00,9.395
29-03-2015 01:00,9.64
29-03-2015 02:00,9.71
29-03-2015 03:00,9.5825
29-03-2015 04:00,9.6525
29-03-2015 05:00,9.735
29-03-2015 06:00,9.99
29-03-2015 07:00,10.625
29-03-2015 08:00,11.17
29-03-2015 09:00,11.77
29-03-2015 10:00,13.07
29-03-2015 11:00,14.32
29-03-2015 12:00,16.1925
29-03-2015 13:00,19.99
29-03-2015 14:00,20.135
29-03-2015 15:00,19.835
29-03-2015 16:00,18.805
29-03-2015 17:00,17.14
29-03-2015 18:00,16.04
29-03-2015 19:00,14.4025
29-03-2015 20:00,12.3025
29-03-2015 21:00,11.385
29-03-2015 22:00,10.0525
29-03-2015 23:00,9.68
30-03-2015 00:00,9.84
30-03-2015 01:00,9.8
30-03-2015 02:00,9.7325
30-03-2015 03:00,9.8025
30-03-2015 04:00,9.665
30-03-2015 05:00,9.8275
30-03-2015 06:00,20.43
30-03-2015 07:00,30.285
30-03-2015 08:00,37.97
30-03-2015 09:00,49.43
30-03-2015 10:00,48.2
30-03-2015 11:00,52.52
30-03-2015 12:00,53.38
30-03-2015 13:00,57.24
30-03-2015 14:00,60.21
30-03-2015 15:00,40.26
30-03-2015 16:00,53.65
30-03-2015 17:00,46.67
30-03-2015 18:00,29.04
30-03-2015 19:00,19.31
30-03-2015 20:00,11.42
30-03-2015 21:00,10.5
30-03-2015 22:00,8.63
30-03-2015 23:00,8.43
31-03-2015 00:00,8.43
31-03-2015 01:00,9.36
31-03-2015 02:00,8.55
31-03-2015 03:00,8.35
31-03-2015 04:00,9.3
31-03-2015 05:00,8.38
31-03-2015 06:00,19.76
31-03-2015 07:00,26.92
31-03-2015 08:00,42.47
31-03-2015 09:00,47.84
31-03-2015 10:00,48.3
31-03-2015 11:00,54.37
31-03-2015 12:00,52.91
31-03-2015 13:00,54.38
31-03-2015 14:00,53.9
31-03-2015 15:00,53.66
31-03-2015 16:00,51.68
31-03-2015 17:00,47.08
31-03-2015 18:00,39.07
31-03-2015 19:00,20.76
31-03-2015 20:00,12.77
31-03-2015 21:00,10.5
31-03-2015 22:00,8.11
31-03-2015 23:00,8.55