timestamp,Office_Allyson
01-01-2015 0:00,10.69
01-01-2015 1:00,10.53
01-01-2015 2:00,10.21
01-01-2015 3:00,10.3
01-01-2015 4:00,10.43
01-01-2015 5:00,10.73
01-01-2015 6:00,14.3025
01-01-2015 7:00,22.0025
01-01-2015 8:00,37.29
01-01-2015 9:00,44.205
01-01-2015 10:00,61.75
01-01-2015 11:00,22.57
01-01-2015 12:00,36.22
01-01-2015 13:00,50.11
01-01-2015 14:00,44.05
01-01-2015 15:00,51.22
01-01-2015 16:00,38.1
01-01-2015 17:00,31.64
01-01-2015 18:00,42.05
01-01-2015 19:00,62.24
01-01-2015 20:00,23.97
01-01-2015 21:00,10.63
01-01-2015 22:00,10.89
01-01-2015 23:00,10.47
02-01-2015 0:00,10.56
02-01-2015 1:00,10.77
02-01-2015 2:00,10.13
02-01-2015 3:00,10.75
02-01-2015 4:00,10.57
02-01-2015 5:00,10.04
02-01-2015 6:00,13.5825
02-01-2015 7:00,24.2975
02-01-2015 8:00,45.41
02-01-2015 9:00,49.065
02-01-2015 10:00,44.955
02-01-2015 11:00,53.09
02-01-2015 12:00,35.47
02-01-2015 13:00,29.09
02-01-2015 14:00,30.82
02-01-2015 15:00,31.06
02-01-2015 16:00,29.66
02-01-2015 17:00,22.07
02-01-2015 18:00,29.97
02-01-2015 19:00,52.83
02-01-2015 20:00,24.6
02-01-2015 21:00,10.71
02-01-2015 22:00,10.93
02-01-2015 23:00,10.53
03-01-2015 0:00,10.74
03-01-2015 1:00,10.19
03-01-2015 2:00,10.3
03-01-2015 3:00,10.47
03-01-2015 4:00,10.45
03-01-2015 5:00,11.38
03-01-2015 6:00,10.02
03-01-2015 7:00,10.15
03-01-2015 8:00,9.19
03-01-2015 9:00,9.3
03-01-2015 10:00,9.44
03-01-2015 11:00,9.58
03-01-2015 12:00,9.98
03-01-2015 13:00,9.53
03-01-2015 14:00,9.79
03-01-2015 15:00,9.83
03-01-2015 16:00,9.92
03-01-2015 17:00,9.53
03-01-2015 18:00,10.37
03-01-2015 19:00,10.54
03-01-2015 20:00,10.32
03-01-2015 21:00,10.73
03-01-2015 22:00,10.23
03-01-2015 23:00,10.26
04-01-2015 0:00,10.41
04-01-2015 1:00,10.68
04-01-2015 2:00,10.7
04-01-2015 3:00,10.63
04-01-2015 4:00,10.29
04-01-2015 5:00,10.31
04-01-2015 6:00,10.41
04-01-2015 7:00,10.05
04-01-2015 8:00,9.59
04-01-2015 9:00,9.33
04-01-2015 10:00,9.53
04-01-2015 11:00,9.36
04-01-2015 12:00,9.67
04-01-2015 13:00,10.12
04-01-2015 14:00,10.06
04-01-2015 15:00,10
04-01-2015 16:00,10.13
04-01-2015 17:00,9.98
04-01-2015 18:00,10.68
04-01-2015 19:00,10.66
04-01-2015 20:00,10.88
04-01-2015 21:00,10.66
04-01-2015 22:00,10.26
04-01-2015 23:00,10.97
05-01-2015 0:00,10.75
05-01-2015 1:00,10.42
05-01-2015 2:00,10.49
05-01-2015 3:00,10.41
05-01-2015 4:00,10.29
05-01-2015 5:00,10.69
05-01-2015 6:00,27.9875
05-01-2015 7:00,34.545
05-01-2015 8:00,39.525
05-01-2015 9:00,37.5325
05-01-2015 10:00,41.6625
05-01-2015 11:00,38.29
05-01-2015 12:00,53.21
05-01-2015 13:00,38.8
05-01-2015 14:00,32.74
05-01-2015 15:00,30.9
05-01-2015 16:00,29.94
05-01-2015 17:00,22.6
05-01-2015 18:00,19.19
05-01-2015 19:00,27.87
05-01-2015 20:00,23.4
05-01-2015 21:00,13.17
05-01-2015 22:00,14.91
05-01-2015 23:00,14.52
06-01-2015 0:00,13.23
06-01-2015 1:00,13.99
06-01-2015 2:00,13.61
06-01-2015 3:00,12.25
06-01-2015 4:00,10.92
06-01-2015 5:00,10.5
06-01-2015 6:00,22.925
06-01-2015 7:00,29.035
06-01-2015 8:00,36.66
06-01-2015 9:00,39.2025
06-01-2015 10:00,44.39
06-01-2015 11:00,30.58
06-01-2015 12:00,30.46
06-01-2015 13:00,31.48
06-01-2015 14:00,31.36
06-01-2015 15:00,29.56
06-01-2015 16:00,30.15
06-01-2015 17:00,22.92
06-01-2015 18:00,19.06
06-01-2015 19:00,18.23
06-01-2015 20:00,16.26
06-01-2015 21:00,14.44
06-01-2015 22:00,15.89
06-01-2015 23:00,16.19
07-01-2015 0:00,16.85
07-01-2015 1:00,15.23
07-01-2015 2:00,15.52
07-01-2015 3:00,13.82
07-01-2015 4:00,12.2
07-01-2015 5:00,12.12
07-01-2015 6:00,55.14
07-01-2015 7:00,29.285
07-01-2015 8:00,34.93
07-01-2015 9:00,51.18
07-01-2015 10:00,37.11
07-01-2015 11:00,31.12
07-01-2015 12:00,29.41
07-01-2015 13:00,30.71
07-01-2015 14:00,31.85
07-01-2015 15:00,30.67
07-01-2015 16:00,28.86
07-01-2015 17:00,22.99
07-01-2015 18:00,20.81
07-01-2015 19:00,19.33
07-01-2015 20:00,15.16
07-01-2015 21:00,14.44
07-01-2015 22:00,13.9
07-01-2015 23:00,12.93
08-01-2015 0:00,13.44
08-01-2015 1:00,13.28
08-01-2015 2:00,12.6
08-01-2015 3:00,13.25
08-01-2015 4:00,12.36
08-01-2015 5:00,12.03
08-01-2015 6:00,14.71
08-01-2015 7:00,17.86
08-01-2015 8:00,21.2
08-01-2015 9:00,27.81
08-01-2015 10:00,30.18
08-01-2015 11:00,30.75
08-01-2015 12:00,29.62
08-01-2015 13:00,30.95
08-01-2015 14:00,33.06
08-01-2015 15:00,30.94
08-01-2015 16:00,30.3
08-01-2015 17:00,23.41
08-01-2015 18:00,21.76
08-01-2015 19:00,20.22
08-01-2015 20:00,16.1
08-01-2015 21:00,14.95
08-01-2015 22:00,15.62
08-01-2015 23:00,15.4
09-01-2015 0:00,14.92
09-01-2015 1:00,14.74
09-01-2015 2:00,13.97
09-01-2015 3:00,13.98
09-01-2015 4:00,12.52
09-01-2015 5:00,12.62
09-01-2015 6:00,27.79
09-01-2015 7:00,49.55
09-01-2015 8:00,47.4
09-01-2015 9:00,34.44
09-01-2015 10:00,31.45
09-01-2015 11:00,32.34
09-01-2015 12:00,30.93
09-01-2015 13:00,30.59
09-01-2015 14:00,29.94
09-01-2015 15:00,30.44
09-01-2015 16:00,29.86
09-01-2015 17:00,23.95
09-01-2015 18:00,19.08
09-01-2015 19:00,18.69
09-01-2015 20:00,15.12
09-01-2015 21:00,13.83
09-01-2015 22:00,14.54
09-01-2015 23:00,13.45
10-01-2015 0:00,13.82
10-01-2015 1:00,13.84
10-01-2015 2:00,14.09
10-01-2015 3:00,12.25
10-01-2015 4:00,12.3
10-01-2015 5:00,12.5
10-01-2015 6:00,12.01
10-01-2015 7:00,11.9
10-01-2015 8:00,11.06
10-01-2015 9:00,10.96
10-01-2015 10:00,10.59
10-01-2015 11:00,12.01
10-01-2015 12:00,11.73
10-01-2015 13:00,12.02
10-01-2015 14:00,12.14
10-01-2015 15:00,12.03
10-01-2015 16:00,11.18
10-01-2015 17:00,11.54
10-01-2015 18:00,10.83
10-01-2015 19:00,11.8
10-01-2015 20:00,11.5
10-01-2015 21:00,11.65
10-01-2015 22:00,11.34
10-01-2015 23:00,11.81
11-01-2015 0:00,11.64
11-01-2015 1:00,11.39
11-01-2015 2:00,11.93
11-01-2015 3:00,11.72
11-01-2015 4:00,10.87
11-01-2015 5:00,11.42
11-01-2015 6:00,11.74
11-01-2015 7:00,11.08
11-01-2015 8:00,10.14
11-01-2015 9:00,10.7
11-01-2015 10:00,10.5
11-01-2015 11:00,10.75
11-01-2015 12:00,11.6
11-01-2015 13:00,11.68
11-01-2015 14:00,11.85
11-01-2015 15:00,11.58
11-01-2015 16:00,11.76
11-01-2015 17:00,11.38
11-01-2015 18:00,12.58
11-01-2015 19:00,12.55
11-01-2015 20:00,12.17
11-01-2015 21:00,12.19
11-01-2015 22:00,11.75
11-01-2015 23:00,11.83
12-01-2015 0:00,11.99
12-01-2015 1:00,11.85
12-01-2015 2:00,11.64
12-01-2015 3:00,11.45
12-01-2015 4:00,11.17
12-01-2015 5:00,11.48
12-01-2015 6:00,31.65
12-01-2015 7:00,52.02
12-01-2015 8:00,47.35
12-01-2015 9:00,33.62
12-01-2015 10:00,32.61
12-01-2015 11:00,32.38
12-01-2015 12:00,31.24
12-01-2015 13:00,33.79
12-01-2015 14:00,31.18
12-01-2015 15:00,30.73
12-01-2015 16:00,31.04
12-01-2015 17:00,23.58
12-01-2015 18:00,20.54
12-01-2015 19:00,18.92
12-01-2015 20:00,15.82
12-01-2015 21:00,14.36
12-01-2015 22:00,15.4
12-01-2015 23:00,14.69
13-01-2015 00:00,14.49
13-01-2015 01:00,13.2
13-01-2015 02:00,13.13
13-01-2015 03:00,12.18
13-01-2015 04:00,11.91
13-01-2015 05:00,12.06
13-01-2015 06:00,14.98
13-01-2015 07:00,18.75
13-01-2015 08:00,28.38
13-01-2015 09:00,32.23
13-01-2015 10:00,32.38
13-01-2015 11:00,32.93
13-01-2015 12:00,30.98
13-01-2015 13:00,34.41
13-01-2015 14:00,34.22
13-01-2015 15:00,31.46
13-01-2015 16:00,31.55
13-01-2015 17:00,24.6
13-01-2015 18:00,20.18
13-01-2015 19:00,19.59
13-01-2015 20:00,14.93
13-01-2015 21:00,14.27
13-01-2015 22:00,13.9
13-01-2015 23:00,14.81
14-01-2015 00:00,13.53
14-01-2015 01:00,15.02
14-01-2015 02:00,13.63
14-01-2015 03:00,14.46
14-01-2015 04:00,11.94
14-01-2015 05:00,11.87
14-01-2015 06:00,39.33
14-01-2015 07:00,29.695
14-01-2015 08:00,35.655
14-01-2015 09:00,47.88
14-01-2015 10:00,35.41
14-01-2015 11:00,34.42
14-01-2015 12:00,33.62
14-01-2015 13:00,35.63
14-01-2015 14:00,34.7725
14-01-2015 15:00,34.4875
14-01-2015 16:00,32.8525
14-01-2015 17:00,28.5975
14-01-2015 18:00,24.605
14-01-2015 19:00,21.455
14-01-2015 20:00,17.98
14-01-2015 21:00,15.9375
14-01-2015 22:00,15.8375
14-01-2015 23:00,16.1925
15-01-2015 00:00,15.935
15-01-2015 01:00,15.8725
15-01-2015 02:00,15.395
15-01-2015 03:00,15.5525
15-01-2015 04:00,14.9175
15-01-2015 05:00,14.715
15-01-2015 06:00,18.675
15-01-2015 07:00,25.825
15-01-2015 08:00,32.525
15-01-2015 09:00,35.46
15-01-2015 10:00,35.91
15-01-2015 11:00,32.16
15-01-2015 12:00,30.82
15-01-2015 13:00,33.25
15-01-2015 14:00,33.95
15-01-2015 15:00,34.06
15-01-2015 16:00,31.7175
15-01-2015 17:00,25.9625
15-01-2015 18:00,23.3425
15-01-2015 19:00,24.4825
15-01-2015 20:00,19.27
15-01-2015 21:00,15.03
15-01-2015 22:00,14.6775
15-01-2015 23:00,14.715
16-01-2015 00:00,14.38
16-01-2015 01:00,14.265
16-01-2015 02:00,14.0275
16-01-2015 03:00,14.205
16-01-2015 04:00,14.4025
16-01-2015 05:00,14.02
16-01-2015 06:00,22.01
16-01-2015 07:00,30.8325
16-01-2015 08:00,57.47
16-01-2015 09:00,40.11
16-01-2015 10:00,33.38
16-01-2015 11:00,32.69
16-01-2015 12:00,31.75
16-01-2015 13:00,32.15
16-01-2015 14:00,31.11
16-01-2015 15:00,31.28
16-01-2015 16:00,29.33
16-01-2015 17:00,23.78
16-01-2015 18:00,20.23
16-01-2015 19:00,19.76
16-01-2015 20:00,15.55
16-01-2015 21:00,13.95
16-01-2015 22:00,13.84
16-01-2015 23:00,15.03
17-01-2015 00:00,13.15
17-01-2015 01:00,13.54
17-01-2015 02:00,13.8
17-01-2015 03:00,13.82
17-01-2015 04:00,12.83
17-01-2015 05:00,12.72
17-01-2015 06:00,12.08
17-01-2015 07:00,12.58
17-01-2015 08:00,11.73
17-01-2015 09:00,11.62
17-01-2015 10:00,12
17-01-2015 11:00,11.89
17-01-2015 12:00,11.65
17-01-2015 13:00,13.01
17-01-2015 14:00,12.73
17-01-2015 15:00,12.94
17-01-2015 16:00,12.37
17-01-2015 17:00,12.25
17-01-2015 18:00,12.93
17-01-2015 19:00,13.51
17-01-2015 20:00,13.66
17-01-2015 21:00,13.05
17-01-2015 22:00,12.86
17-01-2015 23:00,12.36
18-01-2015 00:00,12.87
18-01-2015 01:00,12.84
18-01-2015 02:00,13.15
18-01-2015 03:00,13.04
18-01-2015 04:00,12.84
18-01-2015 05:00,12.5
18-01-2015 06:00,12.94
18-01-2015 07:00,12.4
18-01-2015 08:00,11.77
18-01-2015 09:00,11.22
18-01-2015 10:00,11.6
18-01-2015 11:00,11.62
18-01-2015 12:00,13.07
18-01-2015 13:00,12.71
18-01-2015 14:00,12.74
18-01-2015 15:00,13.23
18-01-2015 16:00,12.94
18-01-2015 17:00,12.47
18-01-2015 18:00,12.56
18-01-2015 19:00,13.08
18-01-2015 20:00,13.03
18-01-2015 21:00,12.99
18-01-2015 22:00,12.91
18-01-2015 23:00,12.72
19-01-2015 00:00,12.88
19-01-2015 01:00,12.95
19-01-2015 02:00,13.34
19-01-2015 03:00,12.89
19-01-2015 04:00,12.62
19-01-2015 05:00,12.67
19-01-2015 06:00,58.17
19-01-2015 07:00,31.2425
19-01-2015 08:00,35.0275
19-01-2015 09:00,34.1175
19-01-2015 10:00,55.42
19-01-2015 11:00,28.21
19-01-2015 12:00,18.94
19-01-2015 13:00,16.73
19-01-2015 14:00,17.37
19-01-2015 15:00,16.58
19-01-2015 16:00,16.81
19-01-2015 17:00,16.82
19-01-2015 18:00,16.91
19-01-2015 19:00,17.54
19-01-2015 20:00,14.25
19-01-2015 21:00,12.49
19-01-2015 22:00,13.04
19-01-2015 23:00,12.54
20-01-2015 00:00,12.67
20-01-2015 01:00,12.44
20-01-2015 02:00,12.61
20-01-2015 03:00,12.48
20-01-2015 04:00,12.28
20-01-2015 05:00,12.03
20-01-2015 06:00,42.98
20-01-2015 07:00,29.23
20-01-2015 08:00,36.7775
20-01-2015 09:00,46.64
20-01-2015 10:00,36.67
20-01-2015 11:00,34.37
20-01-2015 12:00,33.44
20-01-2015 13:00,35.16
20-01-2015 14:00,34.34
20-01-2015 15:00,34.15
20-01-2015 16:00,32.01
20-01-2015 17:00,25.48
20-01-2015 18:00,22.41
20-01-2015 19:00,21.09
20-01-2015 20:00,16.92
20-01-2015 21:00,15.79
20-01-2015 22:00,14.63
20-01-2015 23:00,15.25
21-01-2015 00:00,14.99
21-01-2015 01:00,15.79
21-01-2015 02:00,14.03
21-01-2015 03:00,15.1
21-01-2015 04:00,13.49
21-01-2015 05:00,13.34
21-01-2015 06:00,17.55
21-01-2015 07:00,20.96
21-01-2015 08:00,24.77
21-01-2015 09:00,26.36
21-01-2015 10:00,29.28
21-01-2015 11:00,30.75
21-01-2015 12:00,31.56
21-01-2015 13:00,33.47
21-01-2015 14:00,33.54
21-01-2015 15:00,33.82
21-01-2015 16:00,31.11
21-01-2015 17:00,25.3
21-01-2015 18:00,22.64
21-01-2015 19:00,22.12
21-01-2015 20:00,17.71
21-01-2015 21:00,16.33
21-01-2015 22:00,16.26
21-01-2015 23:00,17.12
22-01-2015 00:00,16.26
22-01-2015 01:00,15.64
22-01-2015 02:00,14.73
22-01-2015 03:00,13.83
22-01-2015 04:00,12.82
22-01-2015 05:00,12.58
22-01-2015 06:00,18.44
22-01-2015 07:00,32.32
22-01-2015 08:00,34.95
22-01-2015 09:00,35.95
22-01-2015 10:00,33.06
22-01-2015 11:00,33.18
22-01-2015 12:00,31.93
22-01-2015 13:00,35.65
22-01-2015 14:00,35.11
22-01-2015 15:00,32.28
22-01-2015 16:00,28.73
22-01-2015 17:00,24.7
22-01-2015 18:00,20.18
22-01-2015 19:00,18.32
22-01-2015 20:00,15.18
22-01-2015 21:00,14.25
22-01-2015 22:00,13.71
22-01-2015 23:00,14.4
23-01-2015 00:00,14.06
23-01-2015 01:00,13.82
23-01-2015 02:00,13.33
23-01-2015 03:00,15.04
23-01-2015 04:00,12.33
23-01-2015 05:00,12.41
23-01-2015 06:00,36.76
23-01-2015 07:00,31.3975
23-01-2015 08:00,41.105
23-01-2015 09:00,50.37
23-01-2015 10:00,36.85
23-01-2015 11:00,34.36
23-01-2015 12:00,38.33
23-01-2015 13:00,34.15
23-01-2015 14:00,31.93
23-01-2015 15:00,30.82
23-01-2015 16:00,29.25
23-01-2015 17:00,21.61
23-01-2015 18:00,19.3
23-01-2015 19:00,24.72
23-01-2015 20:00,17.43
23-01-2015 21:00,13.93
23-01-2015 22:00,13.59
23-01-2015 23:00,13.28
24-01-2015 00:00,13.68
24-01-2015 01:00,13.94
24-01-2015 02:00,13
24-01-2015 03:00,13.3
24-01-2015 04:00,13.3
24-01-2015 05:00,13.35
24-01-2015 06:00,13.77
24-01-2015 07:00,13.26
24-01-2015 08:00,12.33
24-01-2015 09:00,11.86
24-01-2015 10:00,13.27
24-01-2015 11:00,13.08
24-01-2015 12:00,13.22
24-01-2015 13:00,13.37
24-01-2015 14:00,13.34
24-01-2015 15:00,13.22
24-01-2015 16:00,13.54
24-01-2015 17:00,13.52
24-01-2015 18:00,13.49
24-01-2015 19:00,14.02
24-01-2015 20:00,13.88
24-01-2015 21:00,14.22
24-01-2015 22:00,13.31
24-01-2015 23:00,13.73
25-01-2015 00:00,13.27
25-01-2015 01:00,13.82
25-01-2015 02:00,14.04
25-01-2015 03:00,13.31
25-01-2015 04:00,13.75
25-01-2015 05:00,13.07
25-01-2015 06:00,14.08
25-01-2015 07:00,12.67
25-01-2015 08:00,12.02
25-01-2015 09:00,12.36
25-01-2015 10:00,12.51
25-01-2015 11:00,13.9
25-01-2015 12:00,13.59
25-01-2015 13:00,12.76
25-01-2015 14:00,12.92
25-01-2015 15:00,13.14
25-01-2015 16:00,13.37
25-01-2015 17:00,13.31
25-01-2015 18:00,13.58
25-01-2015 19:00,12.77
25-01-2015 20:00,12.91
25-01-2015 21:00,13.34
25-01-2015 22:00,13.25
25-01-2015 23:00,12.98
26-01-2015 00:00,13.53
26-01-2015 01:00,13.05
26-01-2015 02:00,13.48
26-01-2015 03:00,13.31
26-01-2015 04:00,12.66
26-01-2015 05:00,12.8
26-01-2015 06:00,23.24
26-01-2015 07:00,28.3275
26-01-2015 08:00,32.66
26-01-2015 09:00,32.9725
26-01-2015 10:00,59.67
26-01-2015 11:00,44.82
26-01-2015 12:00,38.72
26-01-2015 13:00,39.53
26-01-2015 14:00,37.96
26-01-2015 15:00,37.05
26-01-2015 16:00,35.97
26-01-2015 17:00,30.88
26-01-2015 18:00,26.68
26-01-2015 19:00,27.15
26-01-2015 20:00,18.65
26-01-2015 21:00,14.47
26-01-2015 22:00,14.29
26-01-2015 23:00,13.88
27-01-2015 00:00,14.3
27-01-2015 01:00,15.58
27-01-2015 02:00,14.76
27-01-2015 03:00,14.01
27-01-2015 04:00,13.45
27-01-2015 05:00,12.44
27-01-2015 06:00,29.41
27-01-2015 07:00,47.63
27-01-2015 08:00,47.01
27-01-2015 09:00,45.91
27-01-2015 10:00,47.09
27-01-2015 11:00,38.92
27-01-2015 12:00,31.7
27-01-2015 13:00,32.83
27-01-2015 14:00,30.9
27-01-2015 15:00,30.04
27-01-2015 16:00,29.51
27-01-2015 17:00,25.08
27-01-2015 18:00,22.31
27-01-2015 19:00,21.09
27-01-2015 20:00,17.1
27-01-2015 21:00,13.81
27-01-2015 22:00,13.74
27-01-2015 23:00,13.81
28-01-2015 00:00,12.77
28-01-2015 01:00,12.47
28-01-2015 02:00,13.01
28-01-2015 03:00,12.87
28-01-2015 04:00,12.66
28-01-2015 05:00,12.71
28-01-2015 06:00,22.79
28-01-2015 07:00,37.42
28-01-2015 08:00,42.48
28-01-2015 09:00,43.97
28-01-2015 10:00,35.38
28-01-2015 11:00,33.85
28-01-2015 12:00,33.58
28-01-2015 13:00,31.54
28-01-2015 14:00,33.22
28-01-2015 15:00,32.04
28-01-2015 16:00,32.02
28-01-2015 17:00,26.36
28-01-2015 18:00,21.13
28-01-2015 19:00,19.93
28-01-2015 20:00,16.33
28-01-2015 21:00,14.62
28-01-2015 22:00,14.31
28-01-2015 23:00,15.03
29-01-2015 00:00,14.3
29-01-2015 01:00,14.47
29-01-2015 02:00,14.56
29-01-2015 03:00,14.51
29-01-2015 04:00,13.5
29-01-2015 05:00,13.63
29-01-2015 06:00,21.25
29-01-2015 07:00,28.45
29-01-2015 08:00,34.5
29-01-2015 09:00,33.26
29-01-2015 10:00,31.59
29-01-2015 11:00,32.13
29-01-2015 12:00,30.34
29-01-2015 13:00,33.78
29-01-2015 14:00,32.65
29-01-2015 15:00,33.34
29-01-2015 16:00,32.95
29-01-2015 17:00,22.98
29-01-2015 18:00,19.8
29-01-2015 19:00,20.07
29-01-2015 20:00,17.16
29-01-2015 21:00,14.06
29-01-2015 22:00,14.46
29-01-2015 23:00,14.11
30-01-2015 00:00,13.43
30-01-2015 01:00,12.76
30-01-2015 02:00,13.37
30-01-2015 03:00,13.96
30-01-2015 04:00,13.12
30-01-2015 05:00,12.46
30-01-2015 06:00,21.45
30-01-2015 07:00,32.14
30-01-2015 08:00,39.53
30-01-2015 09:00,38.64
30-01-2015 10:00,33.52
30-01-2015 11:00,32.25
30-01-2015 12:00,31.47
30-01-2015 13:00,33.65
30-01-2015 14:00,32.01
30-01-2015 15:00,31.2
30-01-2015 16:00,29.49
30-01-2015 17:00,26.44
30-01-2015 18:00,23.4
30-01-2015 19:00,22.99
30-01-2015 20:00,16.41
30-01-2015 21:00,14.42
30-01-2015 22:00,14.07
30-01-2015 23:00,14.05
31-01-2015 00:00,14.33
31-01-2015 01:00,14.55
31-01-2015 02:00,14.53
31-01-2015 03:00,13.88
31-01-2015 04:00,12.32
31-01-2015 05:00,13.09
31-01-2015 06:00,12.25
31-01-2015 07:00,11.87
31-01-2015 08:00,11.38
31-01-2015 09:00,11.29
31-01-2015 10:00,11.35
31-01-2015 11:00,12.41
31-01-2015 12:00,11.64
31-01-2015 13:00,10.81
31-01-2015 14:00,11.22
31-01-2015 15:00,11.91
31-01-2015 16:00,11.68
31-01-2015 17:00,11.27
31-01-2015 18:00,12.22
31-01-2015 19:00,11.93
31-01-2015 20:00,12.3
31-01-2015 21:00,11.63
31-01-2015 22:00,12.36
31-01-2015 23:00,12.37
01-02-2015 0:00,12.85
01-02-2015 1:00,12.23
01-02-2015 2:00,12.64
01-02-2015 3:00,12.03
01-02-2015 4:00,12.25
01-02-2015 5:00,11.96
01-02-2015 6:00,11.77
01-02-2015 7:00,12.24
01-02-2015 8:00,10.43
01-02-2015 9:00,11.3
01-02-2015 10:00,11.17
01-02-2015 11:00,10.89
01-02-2015 12:00,11.85
01-02-2015 13:00,12.34
01-02-2015 14:00,12.02
01-02-2015 15:00,12.41
01-02-2015 16:00,11.78
01-02-2015 17:00,12.34
01-02-2015 18:00,12.02
01-02-2015 19:00,12.3
01-02-2015 20:00,12.19
01-02-2015 21:00,11.93
01-02-2015 22:00,12.88
01-02-2015 23:00,12.23
02-02-2015 0:00,11.38
02-02-2015 1:00,11.81
02-02-2015 2:00,12.61
02-02-2015 3:00,11.92
02-02-2015 4:00,11.84
02-02-2015 5:00,11.74
02-02-2015 6:00,23.67
02-02-2015 7:00,28.0475
02-02-2015 8:00,33.5125
02-02-2015 9:00,34.8275
02-02-2015 10:00,55.17
02-02-2015 11:00,49.45
02-02-2015 12:00,38.21
02-02-2015 13:00,33.65
02-02-2015 14:00,34.21
02-02-2015 15:00,32.88
02-02-2015 16:00,28.79
02-02-2015 17:00,25.53
02-02-2015 18:00,20.85
02-02-2015 19:00,19.55
02-02-2015 20:00,15.76
02-02-2015 21:00,14.31
02-02-2015 22:00,14.58
02-02-2015 23:00,14.16
03-02-2015 0:00,13.71
03-02-2015 1:00,14.6
03-02-2015 2:00,14.27
03-02-2015 3:00,15.11
03-02-2015 4:00,14.25
03-02-2015 5:00,12.21
03-02-2015 6:00,31.68
03-02-2015 7:00,53.67
03-02-2015 8:00,61.06
03-02-2015 9:00,48.94
03-02-2015 10:00,50.16
03-02-2015 11:00,40.02
03-02-2015 12:00,30.8
03-02-2015 13:00,32.73
03-02-2015 14:00,35.16
03-02-2015 15:00,33.6
03-02-2015 16:00,29.98
03-02-2015 17:00,24.09
03-02-2015 18:00,18.89
03-02-2015 19:00,20.88
03-02-2015 20:00,15.63
03-02-2015 21:00,15.57
03-02-2015 22:00,13.93
03-02-2015 23:00,13.54
04-02-2015 0:00,12.97
04-02-2015 1:00,12.8
04-02-2015 2:00,11.97
04-02-2015 3:00,12.19
04-02-2015 4:00,12.41
04-02-2015 5:00,12.46
04-02-2015 6:00,22.53
04-02-2015 7:00,42.69
04-02-2015 8:00,43.91
04-02-2015 9:00,42.95
04-02-2015 10:00,36.82
04-02-2015 11:00,32.11
04-02-2015 12:00,34.36
04-02-2015 13:00,32.88
04-02-2015 14:00,33.49
04-02-2015 15:00,34.4
04-02-2015 16:00,32.93
04-02-2015 17:00,25
04-02-2015 18:00,21.54
04-02-2015 19:00,21.76
04-02-2015 20:00,17.58
04-02-2015 21:00,15.34
04-02-2015 22:00,15.04
04-02-2015 23:00,14.28
05-02-2015 0:00,14.9
05-02-2015 1:00,14.83
05-02-2015 2:00,14.76
05-02-2015 3:00,13.61
05-02-2015 4:00,12.58
05-02-2015 5:00,12.51
05-02-2015 6:00,20.48
05-02-2015 7:00,30.9
05-02-2015 8:00,40.45
05-02-2015 9:00,41.84
05-02-2015 10:00,33.96
05-02-2015 11:00,33.64
05-02-2015 12:00,31.11
05-02-2015 13:00,32.08
05-02-2015 14:00,33.22
05-02-2015 15:00,33.39
05-02-2015 16:00,30.28
05-02-2015 17:00,22.28
05-02-2015 18:00,18.91
05-02-2015 19:00,19.4
05-02-2015 20:00,15.79
05-02-2015 21:00,15.41
05-02-2015 22:00,14.4
05-02-2015 23:00,13.74
06-02-2015 0:00,12.25
06-02-2015 1:00,12.05
06-02-2015 2:00,12.23
06-02-2015 3:00,12.38
06-02-2015 4:00,12.45
06-02-2015 5:00,12.43
06-02-2015 6:00,19.15
06-02-2015 7:00,26.26
06-02-2015 8:00,33.82
06-02-2015 9:00,34.1
06-02-2015 10:00,31.89
06-02-2015 11:00,31.15
06-02-2015 12:00,29.4
06-02-2015 13:00,29.46
06-02-2015 14:00,32.47
06-02-2015 15:00,31.95
06-02-2015 16:00,31.85
06-02-2015 17:00,26.33
06-02-2015 18:00,20.56
06-02-2015 19:00,19.06
06-02-2015 20:00,15.73
06-02-2015 21:00,15.47
06-02-2015 22:00,14.24
06-02-2015 23:00,13.94
07-02-2015 0:00,13.32
07-02-2015 1:00,15.37
07-02-2015 2:00,13.62
07-02-2015 3:00,12.56
07-02-2015 4:00,11.79
07-02-2015 5:00,11.52
07-02-2015 6:00,11.64
07-02-2015 7:00,11.51
07-02-2015 8:00,10.81
07-02-2015 9:00,10.92
07-02-2015 10:00,10.57
07-02-2015 11:00,11.36
07-02-2015 12:00,10.98
07-02-2015 13:00,11.07
07-02-2015 14:00,11.92
07-02-2015 15:00,11.94
07-02-2015 16:00,11.8
07-02-2015 17:00,11.53
07-02-2015 18:00,11.7
07-02-2015 19:00,12.5
07-02-2015 20:00,11.84
07-02-2015 21:00,11.74
07-02-2015 22:00,12.15
07-02-2015 23:00,12.03
08-02-2015 0:00,11.94
08-02-2015 1:00,11.88
08-02-2015 2:00,11.48
08-02-2015 3:00,11.95
08-02-2015 4:00,11.57
08-02-2015 5:00,12.03
08-02-2015 6:00,11.66
08-02-2015 7:00,11.53
08-02-2015 8:00,10.41
08-02-2015 9:00,10.75
08-02-2015 10:00,11.01
08-02-2015 11:00,11.63
08-02-2015 12:00,12.48
08-02-2015 13:00,11.34
08-02-2015 14:00,11.71
08-02-2015 15:00,11.44
08-02-2015 16:00,11.49
08-02-2015 17:00,11.98
08-02-2015 18:00,12.16
08-02-2015 19:00,12.59
08-02-2015 20:00,12.23
08-02-2015 21:00,12.34
08-02-2015 22:00,12.2
08-02-2015 23:00,12.28
09-02-2015 0:00,11.91
09-02-2015 1:00,12.14
09-02-2015 2:00,11.78
09-02-2015 3:00,11.61
09-02-2015 4:00,11.66
09-02-2015 5:00,11.86
09-02-2015 6:00,16.53
09-02-2015 7:00,28.06
09-02-2015 8:00,31.16
09-02-2015 9:00,30.19
09-02-2015 10:00,30.48
09-02-2015 11:00,31.19
09-02-2015 12:00,31.18
09-02-2015 13:00,31.56
09-02-2015 14:00,33.45
09-02-2015 15:00,31.74
09-02-2015 16:00,28.23
09-02-2015 17:00,23.7
09-02-2015 18:00,22.96
09-02-2015 19:00,21.62
09-02-2015 20:00,17.67
09-02-2015 21:00,15.56
09-02-2015 22:00,15.05
09-02-2015 23:00,15.5
10-02-2015 0:00,14.07
10-02-2015 1:00,13.8
10-02-2015 2:00,14.93
10-02-2015 3:00,12.82
10-02-2015 4:00,12.65
10-02-2015 5:00,12.73
10-02-2015 6:00,15.57
10-02-2015 7:00,20.17
10-02-2015 8:00,29.08
10-02-2015 9:00,32.16
10-02-2015 10:00,31.42
10-02-2015 11:00,33.9
10-02-2015 12:00,29.86
10-02-2015 13:00,33.76
10-02-2015 14:00,34.98
10-02-2015 15:00,32.75
10-02-2015 16:00,28.04
10-02-2015 17:00,23.33
10-02-2015 18:00,21.21
10-02-2015 19:00,21.15
10-02-2015 20:00,17.7
10-02-2015 21:00,15.67
10-02-2015 22:00,15.31
10-02-2015 23:00,15.69
11-02-2015 0:00,15.38
11-02-2015 1:00,16.12
11-02-2015 2:00,15.42
11-02-2015 3:00,13.53
11-02-2015 4:00,11.89
11-02-2015 5:00,12.54
11-02-2015 6:00,16.64
11-02-2015 7:00,21.42
11-02-2015 8:00,28.57
11-02-2015 9:00,31.15
11-02-2015 10:00,33.89
11-02-2015 11:00,34.01
11-02-2015 12:00,31.43
11-02-2015 13:00,33.97
11-02-2015 14:00,35.66
11-02-2015 15:00,36.27
11-02-2015 16:00,31.34
11-02-2015 17:00,25.15
11-02-2015 18:00,21.76
11-02-2015 19:00,19.67
11-02-2015 20:00,17.02
11-02-2015 21:00,15.04
11-02-2015 22:00,15.86
11-02-2015 23:00,16.92
12-02-2015 0:00,16.12
12-02-2015 1:00,18.58
12-02-2015 2:00,13.89
12-02-2015 3:00,14.56
12-02-2015 4:00,12.66
12-02-2015 5:00,12.21
12-02-2015 6:00,15.76
12-02-2015 7:00,17.86
12-02-2015 8:00,27.08
12-02-2015 9:00,31.19
12-02-2015 10:00,33.92
12-02-2015 11:00,33.86
12-02-2015 12:00,30.71
12-02-2015 13:00,32.56
12-02-2015 14:00,33.96
12-02-2015 15:00,33.25
12-02-2015 16:00,33.25
12-02-2015 17:00,23.97
12-02-2015 18:00,19.95
12-02-2015 19:00,18.86
12-02-2015 20:00,15.67
12-02-2015 21:00,13.84
12-02-2015 22:00,13.62
12-02-2015 23:00,14.16
13-02-2015 00:00,14.15
13-02-2015 01:00,13.85
13-02-2015 02:00,14.53
13-02-2015 03:00,14.02
13-02-2015 04:00,12.24
13-02-2015 05:00,11.99
13-02-2015 06:00,16.26
13-02-2015 07:00,19.07
13-02-2015 08:00,24.91
13-02-2015 09:00,25.91
13-02-2015 10:00,27.28
13-02-2015 11:00,28.04
13-02-2015 12:00,28.33
13-02-2015 13:00,29.81
13-02-2015 14:00,30.98
13-02-2015 15:00,30.35
13-02-2015 16:00,27.98
13-02-2015 17:00,22.09
13-02-2015 18:00,18.58
13-02-2015 19:00,19.45
13-02-2015 20:00,15.81
13-02-2015 21:00,13.74
13-02-2015 22:00,13.69
13-02-2015 23:00,13.69
14-02-2015 00:00,14.4
14-02-2015 01:00,13.46
14-02-2015 02:00,13.99
14-02-2015 03:00,13.96
14-02-2015 04:00,13.75
14-02-2015 05:00,13.52
14-02-2015 06:00,13.9
14-02-2015 07:00,13.11
14-02-2015 08:00,12.75
14-02-2015 09:00,13.16
14-02-2015 10:00,12.32
14-02-2015 11:00,13.03
14-02-2015 12:00,13.18
14-02-2015 13:00,13.79
14-02-2015 14:00,13.42
14-02-2015 15:00,13.18
14-02-2015 16:00,13.23
14-02-2015 17:00,13.71
14-02-2015 18:00,13.3
14-02-2015 19:00,13.31
14-02-2015 20:00,13.57
14-02-2015 21:00,13.47
14-02-2015 22:00,13.73
14-02-2015 23:00,13.84
15-02-2015 00:00,13.16
15-02-2015 01:00,13.49
15-02-2015 02:00,13.69
15-02-2015 03:00,12.83
15-02-2015 04:00,13.33
15-02-2015 05:00,13.34
15-02-2015 06:00,12.94
15-02-2015 07:00,12.87
15-02-2015 08:00,12.03
15-02-2015 09:00,11.39
15-02-2015 10:00,12.33
15-02-2015 11:00,12.79
15-02-2015 12:00,12.91
15-02-2015 13:00,13.88
15-02-2015 14:00,13.07
15-02-2015 15:00,12.2
15-02-2015 16:00,12.73
15-02-2015 17:00,11.92
15-02-2015 18:00,12.85
15-02-2015 19:00,13.06
15-02-2015 20:00,13.52
15-02-2015 21:00,14
15-02-2015 22:00,13.74
15-02-2015 23:00,13.85
16-02-2015 00:00,12.95
16-02-2015 01:00,13.2
16-02-2015 02:00,12.84
16-02-2015 03:00,11.93
16-02-2015 04:00,12.89
16-02-2015 05:00,12.65
16-02-2015 06:00,16.3
16-02-2015 07:00,18.3
16-02-2015 08:00,24.58
16-02-2015 09:00,29.73
16-02-2015 10:00,29.46
16-02-2015 11:00,32.01
16-02-2015 12:00,32.11
16-02-2015 13:00,31.55
16-02-2015 14:00,31.68
16-02-2015 15:00,30.81
16-02-2015 16:00,29.93
16-02-2015 17:00,25.92
16-02-2015 18:00,22.7
16-02-2015 19:00,21.52
16-02-2015 20:00,16.77
16-02-2015 21:00,15.73
16-02-2015 22:00,15.08
16-02-2015 23:00,14.53
17-02-2015 00:00,14.65
17-02-2015 01:00,15.23
17-02-2015 02:00,15.38
17-02-2015 03:00,15.17
17-02-2015 04:00,15.34
17-02-2015 05:00,15.3
17-02-2015 06:00,17.19
17-02-2015 07:00,17.44
17-02-2015 08:00,27
17-02-2015 09:00,31.32
17-02-2015 10:00,30.58
17-02-2015 11:00,30.19
17-02-2015 12:00,29.18
17-02-2015 13:00,31.88
17-02-2015 14:00,34.98
17-02-2015 15:00,34.09
17-02-2015 16:00,31.02
17-02-2015 17:00,23.56
17-02-2015 18:00,19.41
17-02-2015 19:00,18.37
17-02-2015 20:00,16.22
17-02-2015 21:00,13.6
17-02-2015 22:00,13.92
17-02-2015 23:00,13.13
18-02-2015 00:00,13.15
18-02-2015 01:00,13.31
18-02-2015 02:00,13.51
18-02-2015 03:00,13.53
18-02-2015 04:00,12.25
18-02-2015 05:00,12.79
18-02-2015 06:00,17.64
18-02-2015 07:00,21.03
18-02-2015 08:00,26.1
18-02-2015 09:00,26.61
18-02-2015 10:00,26.07
18-02-2015 11:00,28.85
18-02-2015 12:00,29.47
18-02-2015 13:00,29.63
18-02-2015 14:00,29.2
18-02-2015 15:00,29.42
18-02-2015 16:00,28.08
18-02-2015 17:00,23.73
18-02-2015 18:00,20.61
18-02-2015 19:00,19.36
18-02-2015 20:00,15.26
18-02-2015 21:00,13.74
18-02-2015 22:00,13.84
18-02-2015 23:00,17.36
19-02-2015 00:00,16.9
19-02-2015 01:00,19.17
19-02-2015 02:00,22.64
19-02-2015 03:00,19.34
19-02-2015 04:00,15.39
19-02-2015 05:00,12.01
19-02-2015 06:00,18.19
19-02-2015 07:00,22.3
19-02-2015 08:00,31.36
19-02-2015 09:00,31.93
19-02-2015 10:00,30.48
19-02-2015 11:00,32.3
19-02-2015 12:00,31.81
19-02-2015 13:00,32.34
19-02-2015 14:00,33.19
19-02-2015 15:00,34.15
19-02-2015 16:00,32.19
19-02-2015 17:00,25.02
19-02-2015 18:00,21.18
19-02-2015 19:00,21.01
19-02-2015 20:00,18.27
19-02-2015 21:00,15.86
19-02-2015 22:00,16.64
19-02-2015 23:00,16.69
20-02-2015 00:00,16.44
20-02-2015 01:00,16.84
20-02-2015 02:00,17.02
20-02-2015 03:00,17.56
20-02-2015 04:00,16.75
20-02-2015 05:00,17.22
20-02-2015 06:00,20.51
20-02-2015 07:00,26.46
20-02-2015 08:00,33.81
20-02-2015 09:00,35.83
20-02-2015 10:00,32.92
20-02-2015 11:00,31.44
20-02-2015 12:00,29.93
20-02-2015 13:00,30.61
20-02-2015 14:00,31.64
20-02-2015 15:00,30.27
20-02-2015 16:00,29.73
20-02-2015 17:00,25.27
20-02-2015 18:00,20.67
20-02-2015 19:00,21.93
20-02-2015 20:00,18.53
20-02-2015 21:00,16.43
20-02-2015 22:00,16.99
20-02-2015 23:00,15.86
21-02-2015 00:00,14.44
21-02-2015 01:00,15.1
21-02-2015 02:00,14.94
21-02-2015 03:00,14.65
21-02-2015 04:00,15.38
21-02-2015 05:00,14.7
21-02-2015 06:00,14.83
21-02-2015 07:00,13.88
21-02-2015 08:00,13.77
21-02-2015 09:00,13.5
21-02-2015 10:00,13.4
21-02-2015 11:00,13.64
21-02-2015 12:00,14.26
21-02-2015 13:00,14.39
21-02-2015 14:00,15.1
21-02-2015 15:00,14.97
21-02-2015 16:00,14.63
21-02-2015 17:00,14.07
21-02-2015 18:00,14.09
21-02-2015 19:00,15.16
21-02-2015 20:00,15.47
21-02-2015 21:00,15.04
21-02-2015 22:00,14.96
21-02-2015 23:00,15.23
22-02-2015 00:00,15.24
22-02-2015 01:00,14.43
22-02-2015 02:00,14.83
22-02-2015 03:00,15.14
22-02-2015 04:00,14.82
22-02-2015 05:00,14.82
22-02-2015 06:00,14.74
22-02-2015 07:00,14.07
22-02-2015 08:00,12.71
22-02-2015 09:00,13.49
22-02-2015 10:00,13.62
22-02-2015 11:00,13.8
22-02-2015 12:00,13.62
22-02-2015 13:00,14.08
22-02-2015 14:00,14.4
22-02-2015 15:00,13.94
22-02-2015 16:00,14.06
22-02-2015 17:00,14.02
22-02-2015 18:00,14.96
22-02-2015 19:00,14.25
22-02-2015 20:00,15.19
22-02-2015 21:00,15.23
22-02-2015 22:00,14.39
22-02-2015 23:00,15.5
23-02-2015 00:00,14.89
23-02-2015 01:00,15.03
23-02-2015 02:00,14.67
23-02-2015 03:00,15.02
23-02-2015 04:00,15.08
23-02-2015 05:00,14.76
23-02-2015 06:00,18.52
23-02-2015 07:00,22.94
23-02-2015 08:00,29.64
23-02-2015 09:00,32.49
23-02-2015 10:00,33.44
23-02-2015 11:00,34.01
23-02-2015 12:00,33.29
23-02-2015 13:00,35.06
23-02-2015 14:00,36.18
23-02-2015 15:00,36.08
23-02-2015 16:00,32.59
23-02-2015 17:00,28.3
23-02-2015 18:00,22.85
23-02-2015 19:00,22.16
23-02-2015 20:00,17.92
23-02-2015 21:00,17.44
23-02-2015 22:00,17.6
23-02-2015 23:00,16.24
24-02-2015 00:00,16.23
24-02-2015 01:00,16.51
24-02-2015 02:00,15.68
24-02-2015 03:00,15.77
24-02-2015 04:00,15.63
24-02-2015 05:00,15.59
24-02-2015 06:00,19.61
24-02-2015 07:00,23.93
24-02-2015 08:00,31.74
24-02-2015 09:00,33.72
24-02-2015 10:00,35.98
24-02-2015 11:00,34.6
24-02-2015 12:00,35.26
24-02-2015 13:00,35.92
24-02-2015 14:00,33.11
24-02-2015 15:00,33.7
24-02-2015 16:00,31.58
24-02-2015 17:00,24.58
24-02-2015 18:00,22.63
24-02-2015 19:00,22.11
24-02-2015 20:00,18.41
24-02-2015 21:00,17.42
24-02-2015 22:00,18.76
24-02-2015 23:00,17.57
25-02-2015 00:00,15.91
25-02-2015 01:00,15.87
25-02-2015 02:00,16.27
25-02-2015 03:00,15.4
25-02-2015 04:00,15.99
25-02-2015 05:00,15.23
25-02-2015 06:00,24.37
25-02-2015 07:00,41.51
25-02-2015 08:00,43.21
25-02-2015 09:00,40.32
25-02-2015 10:00,38.28
25-02-2015 11:00,31.79
25-02-2015 12:00,34.74
25-02-2015 13:00,35.88
25-02-2015 14:00,36.72
25-02-2015 15:00,33.85
25-02-2015 16:00,32.1
25-02-2015 17:00,27.96
25-02-2015 18:00,23.45
25-02-2015 19:00,21.15
25-02-2015 20:00,18.47
25-02-2015 21:00,17.05
25-02-2015 22:00,16.16
25-02-2015 23:00,14.72
26-02-2015 00:00,15.43
26-02-2015 01:00,15.26
26-02-2015 02:00,15.31
26-02-2015 03:00,14.9
26-02-2015 04:00,14.73
26-02-2015 05:00,15.11
26-02-2015 06:00,25.34
26-02-2015 07:00,42.23
26-02-2015 08:00,47.14
26-02-2015 09:00,45.1
26-02-2015 10:00,38.83
26-02-2015 11:00,36.34
26-02-2015 12:00,32.12
26-02-2015 13:00,33.77
26-02-2015 14:00,37.03
26-02-2015 15:00,37.95
26-02-2015 16:00,32.94
26-02-2015 17:00,26.67
26-02-2015 18:00,21.74
26-02-2015 19:00,21.67
26-02-2015 20:00,18.32
26-02-2015 21:00,17.03
26-02-2015 22:00,18.29
26-02-2015 23:00,17.02
27-02-2015 00:00,15.7
27-02-2015 01:00,16.18
27-02-2015 02:00,15.16
27-02-2015 03:00,15.9
27-02-2015 04:00,16.29
27-02-2015 05:00,15.87
27-02-2015 06:00,24.13
27-02-2015 07:00,39.06
27-02-2015 08:00,43.91
27-02-2015 09:00,41.19
27-02-2015 10:00,32.91
27-02-2015 11:00,33.55
27-02-2015 12:00,32.42
27-02-2015 13:00,34.5
27-02-2015 14:00,32.96
27-02-2015 15:00,34.3
27-02-2015 16:00,33.05
27-02-2015 17:00,25.03
27-02-2015 18:00,21.17
27-02-2015 19:00,20.91
27-02-2015 20:00,18.11
27-02-2015 21:00,16.42
27-02-2015 22:00,16.5
27-02-2015 23:00,15.19
28-02-2015 00:00,15.59
28-02-2015 01:00,15.17
28-02-2015 02:00,14.6
28-02-2015 03:00,15.13
28-02-2015 04:00,14.54
28-02-2015 05:00,14.81
28-02-2015 06:00,15.42
28-02-2015 07:00,14.7
28-02-2015 08:00,14.24
28-02-2015 09:00,14.13
28-02-2015 10:00,14.64
28-02-2015 11:00,14.16
28-02-2015 12:00,14.67
28-02-2015 13:00,14.89
28-02-2015 14:00,14.35
28-02-2015 15:00,15.06
28-02-2015 16:00,15.17
28-02-2015 17:00,15.11
28-02-2015 18:00,15.53
28-02-2015 19:00,15.62
28-02-2015 20:00,15.78
28-02-2015 21:00,15.4
28-02-2015 22:00,15.47
28-02-2015 23:00,14.89
01-03-2015 0:00,15.01
01-03-2015 1:00,15.84
01-03-2015 2:00,15.43
01-03-2015 3:00,14.82
01-03-2015 4:00,15.28
01-03-2015 5:00,15.46
01-03-2015 6:00,15.05
01-03-2015 7:00,14.36
01-03-2015 8:00,14.1
01-03-2015 9:00,14.08
01-03-2015 10:00,13.64
01-03-2015 11:00,13.98
01-03-2015 12:00,15.04
01-03-2015 13:00,14.82
01-03-2015 14:00,13.7
01-03-2015 15:00,14.59
01-03-2015 16:00,15.32
01-03-2015 17:00,14.55
01-03-2015 18:00,13.98
01-03-2015 19:00,16.42
01-03-2015 20:00,15.08
01-03-2015 21:00,14.44
01-03-2015 22:00,16.19
01-03-2015 23:00,15.7
02-03-2015 0:00,14.96
02-03-2015 1:00,15.17
02-03-2015 2:00,15.48
02-03-2015 3:00,14.56
02-03-2015 4:00,15.88
02-03-2015 5:00,15.68
02-03-2015 6:00,20.2
02-03-2015 7:00,26.1
02-03-2015 8:00,30.96
02-03-2015 9:00,31.66
02-03-2015 10:00,33.08
02-03-2015 11:00,34.59
02-03-2015 12:00,33.71
02-03-2015 13:00,33.29
02-03-2015 14:00,34.74
02-03-2015 15:00,33.21
02-03-2015 16:00,31.62
02-03-2015 17:00,24.28
02-03-2015 18:00,23.53
02-03-2015 19:00,23.14
02-03-2015 20:00,20.23
02-03-2015 21:00,17.92
02-03-2015 22:00,18.2
02-03-2015 23:00,17.12
03-03-2015 0:00,16.15
03-03-2015 1:00,16.74
03-03-2015 2:00,15.87
03-03-2015 3:00,14.89
03-03-2015 4:00,15.67
03-03-2015 5:00,15.52
03-03-2015 6:00,27.04
03-03-2015 7:00,43.78
03-03-2015 8:00,45.75
03-03-2015 9:00,47.84
03-03-2015 10:00,47.35
03-03-2015 11:00,38.36
03-03-2015 12:00,35.19
03-03-2015 13:00,36.35
03-03-2015 14:00,37.8
03-03-2015 15:00,32.37
03-03-2015 16:00,33.68
03-03-2015 17:00,25.38
03-03-2015 18:00,21.69
03-03-2015 19:00,26.72
03-03-2015 20:00,20.56
03-03-2015 21:00,18.9
03-03-2015 22:00,16.94
03-03-2015 23:00,15.96
04-03-2015 0:00,16.98
04-03-2015 1:00,16.34
04-03-2015 2:00,15.22
04-03-2015 3:00,16.03
04-03-2015 4:00,15.09
04-03-2015 5:00,16.04
04-03-2015 6:00,31.37
04-03-2015 7:00,55.03
04-03-2015 8:00,55.02
04-03-2015 9:00,47.87
04-03-2015 10:00,48.55
04-03-2015 11:00,41.15
04-03-2015 12:00,34.21
04-03-2015 13:00,37.82
04-03-2015 14:00,38.05
04-03-2015 15:00,34.79
04-03-2015 16:00,33.3
04-03-2015 17:00,28.04
04-03-2015 18:00,23.58
04-03-2015 19:00,21.88
04-03-2015 20:00,18.44
04-03-2015 21:00,17.5
04-03-2015 22:00,18.52
04-03-2015 23:00,17.31
05-03-2015 0:00,17.36
05-03-2015 1:00,17.86
05-03-2015 2:00,16.17
05-03-2015 3:00,15.2
05-03-2015 4:00,15.54
05-03-2015 5:00,15.03
05-03-2015 6:00,28.9
05-03-2015 7:00,45.11
05-03-2015 8:00,50.5
05-03-2015 9:00,47.92
05-03-2015 10:00,43.47
05-03-2015 11:00,36.27
05-03-2015 12:00,31.62
05-03-2015 13:00,35.14
05-03-2015 14:00,36.09
05-03-2015 15:00,33.9
05-03-2015 16:00,32.73
05-03-2015 17:00,27.15
05-03-2015 18:00,22.21
05-03-2015 19:00,21.74
05-03-2015 20:00,18.82
05-03-2015 21:00,17.27
05-03-2015 22:00,17.01
05-03-2015 23:00,16.2
06-03-2015 0:00,15.96
06-03-2015 1:00,16.69
06-03-2015 2:00,16.46
06-03-2015 3:00,16.09
06-03-2015 4:00,15.95
06-03-2015 5:00,15.84
06-03-2015 6:00,25.32
06-03-2015 7:00,40.38
06-03-2015 8:00,44.43
06-03-2015 9:00,43
06-03-2015 10:00,44.2
06-03-2015 11:00,35.93
06-03-2015 12:00,32.19
06-03-2015 13:00,32.4
06-03-2015 14:00,32.62
06-03-2015 15:00,32.9
06-03-2015 16:00,28.72
06-03-2015 17:00,23.75
06-03-2015 18:00,20.51
06-03-2015 19:00,21.09
06-03-2015 20:00,18.08
06-03-2015 21:00,16.22
06-03-2015 22:00,17.14
06-03-2015 23:00,16.87
07-03-2015 0:00,15.38
07-03-2015 1:00,15.03
07-03-2015 2:00,15.28
07-03-2015 3:00,14.83
07-03-2015 4:00,15.47
07-03-2015 5:00,14.97
07-03-2015 6:00,15.27
07-03-2015 7:00,13.53
07-03-2015 8:00,13.82
07-03-2015 9:00,14.29
07-03-2015 10:00,14.23
07-03-2015 11:00,14.32
07-03-2015 12:00,14.62
07-03-2015 13:00,15.66
07-03-2015 14:00,15.21
07-03-2015 15:00,15.06
07-03-2015 16:00,14.62
07-03-2015 17:00,14.5
07-03-2015 18:00,14.49
07-03-2015 19:00,16.63
07-03-2015 20:00,16.42
07-03-2015 21:00,15.17
07-03-2015 22:00,15.35
07-03-2015 23:00,15.8
08-03-2015 0:00,15.32
08-03-2015 1:00,15.78
08-03-2015 2:00,16.12
08-03-2015 3:00,14.91
08-03-2015 4:00,15.54
08-03-2015 5:00,15.26
08-03-2015 6:00,14.78
08-03-2015 7:00,13.61
08-03-2015 8:00,14.32
08-03-2015 9:00,13.91
08-03-2015 10:00,14.32
08-03-2015 11:00,14.98
08-03-2015 12:00,14.98
08-03-2015 13:00,15.55
08-03-2015 14:00,15.71
08-03-2015 15:00,15.88
08-03-2015 16:00,15.09
08-03-2015 17:00,14.85
08-03-2015 18:00,14.65
08-03-2015 19:00,15.42
08-03-2015 20:00,15.66
08-03-2015 21:00,15.1
08-03-2015 22:00,15.3
08-03-2015 23:00,14.56
09-03-2015 0:00,14.9
09-03-2015 1:00,15.27
09-03-2015 2:00,15.03
09-03-2015 3:00,14.93
09-03-2015 4:00,15.03
09-03-2015 5:00,15.16
09-03-2015 6:00,17.77
09-03-2015 7:00,19.12
09-03-2015 8:00,23.94
09-03-2015 9:00,26.95
09-03-2015 10:00,27.59
09-03-2015 11:00,29.3
09-03-2015 12:00,28.18
09-03-2015 13:00,29.24
09-03-2015 14:00,30.18
09-03-2015 15:00,26.89
09-03-2015 16:00,27.12
09-03-2015 17:00,22.5
09-03-2015 18:00,21.04
09-03-2015 19:00,20.93
09-03-2015 20:00,17.56
09-03-2015 21:00,17.39
09-03-2015 22:00,16.52
09-03-2015 23:00,16.28
10-03-2015 0:00,14.36
10-03-2015 1:00,15.33
10-03-2015 2:00,15.04
10-03-2015 3:00,14.86
10-03-2015 4:00,14.92
10-03-2015 5:00,15.35
10-03-2015 6:00,17.79
10-03-2015 7:00,18.55
10-03-2015 8:00,25.93
10-03-2015 9:00,35.13
10-03-2015 10:00,36.86
10-03-2015 11:00,35.49
10-03-2015 12:00,29.6
10-03-2015 13:00,29.89
10-03-2015 14:00,31.16
10-03-2015 15:00,31.15
10-03-2015 16:00,30.99
10-03-2015 17:00,23.95
10-03-2015 18:00,20.9
10-03-2015 19:00,20.79
10-03-2015 20:00,18.08
10-03-2015 21:00,15.99
10-03-2015 22:00,16.44
10-03-2015 23:00,16.42
11-03-2015 0:00,14.96
11-03-2015 1:00,15.79
11-03-2015 2:00,15.26
11-03-2015 3:00,15.45
11-03-2015 4:00,14.91
11-03-2015 5:00,15.38
11-03-2015 6:00,17.3
11-03-2015 7:00,21.41
11-03-2015 8:00,32.32
11-03-2015 9:00,37.18
11-03-2015 10:00,37.99
11-03-2015 11:00,35.49
11-03-2015 12:00,28.97
11-03-2015 13:00,29.13
11-03-2015 14:00,29.81
11-03-2015 15:00,30.26
11-03-2015 16:00,29.32
11-03-2015 17:00,24.95
11-03-2015 18:00,21.77
11-03-2015 19:00,21.13
11-03-2015 20:00,18.53
11-03-2015 21:00,17.37
11-03-2015 22:00,15.94
11-03-2015 23:00,15.44
12-03-2015 0:00,15.01
12-03-2015 1:00,15.89
12-03-2015 2:00,14.8
12-03-2015 3:00,14.93
12-03-2015 4:00,15.3
12-03-2015 5:00,14.92
12-03-2015 6:00,17.03
12-03-2015 7:00,18.69
12-03-2015 8:00,23.26
12-03-2015 9:00,25.78
12-03-2015 10:00,27.37
12-03-2015 11:00,28.53
12-03-2015 12:00,27.56
12-03-2015 13:00,28.17
12-03-2015 14:00,28.25
12-03-2015 15:00,28.53
12-03-2015 16:00,26.22
12-03-2015 17:00,22.72
12-03-2015 18:00,21.92
12-03-2015 19:00,20.83
12-03-2015 20:00,18.22
12-03-2015 21:00,16.58
12-03-2015 22:00,17.95
12-03-2015 23:00,16.96
13-03-2015 00:00,17.27
13-03-2015 01:00,15.1
13-03-2015 02:00,16.04
13-03-2015 03:00,14.85
13-03-2015 04:00,14.91
13-03-2015 05:00,14.53
13-03-2015 06:00,17.98
13-03-2015 07:00,17.98
13-03-2015 08:00,22.94
13-03-2015 09:00,24.88
13-03-2015 10:00,27.17
13-03-2015 11:00,26.06
13-03-2015 12:00,26.01
13-03-2015 13:00,26.94
13-03-2015 14:00,28.95
13-03-2015 15:00,27.48
13-03-2015 16:00,24.72
13-03-2015 17:00,20.98
13-03-2015 18:00,19.85
13-03-2015 19:00,19.9
13-03-2015 20:00,17.11
13-03-2015 21:00,16.14
13-03-2015 22:00,16.17
13-03-2015 23:00,15.67
14-03-2015 00:00,14.11
14-03-2015 01:00,15.55
14-03-2015 02:00,14.58
14-03-2015 03:00,14.09
14-03-2015 04:00,14.8
14-03-2015 05:00,14.53
14-03-2015 06:00,14.02
14-03-2015 07:00,13.39
14-03-2015 08:00,13.07
14-03-2015 09:00,13.83
14-03-2015 10:00,12.77
14-03-2015 11:00,14.32
14-03-2015 12:00,12.94
14-03-2015 13:00,13.64
14-03-2015 14:00,13.42
14-03-2015 15:00,14.06
14-03-2015 16:00,13.52
14-03-2015 17:00,14.16
14-03-2015 18:00,13.61
14-03-2015 19:00,14.9
14-03-2015 20:00,14.93
14-03-2015 21:00,14.78
14-03-2015 22:00,14.54
14-03-2015 23:00,14.7
15-03-2015 00:00,14.11
15-03-2015 01:00,15.52
15-03-2015 02:00,14.34
15-03-2015 03:00,14.7
15-03-2015 04:00,14.29
15-03-2015 05:00,14.5
15-03-2015 06:00,14.3
15-03-2015 07:00,13.18
15-03-2015 08:00,12.95
15-03-2015 09:00,13.33
15-03-2015 10:00,13.72
15-03-2015 11:00,13.19
15-03-2015 12:00,14.19
15-03-2015 13:00,14.07
15-03-2015 14:00,14.29
15-03-2015 15:00,13.41
15-03-2015 16:00,14.21
15-03-2015 17:00,13.58
15-03-2015 18:00,14.29
15-03-2015 19:00,14.75
15-03-2015 20:00,15.18
15-03-2015 21:00,14.73
15-03-2015 22:00,14.88
15-03-2015 23:00,14.22
16-03-2015 00:00,15.24
16-03-2015 01:00,14.8
16-03-2015 02:00,14.06
16-03-2015 03:00,14.9
16-03-2015 04:00,14.2
16-03-2015 05:00,14.7
16-03-2015 06:00,17.13
16-03-2015 07:00,18.44
16-03-2015 08:00,26.19
16-03-2015 09:00,32.72
16-03-2015 10:00,34.48
16-03-2015 11:00,33.73
16-03-2015 12:00,33.21
16-03-2015 13:00,35.72
16-03-2015 14:00,36.89
16-03-2015 15:00,35.58
16-03-2015 16:00,34.63
16-03-2015 17:00,28.11
16-03-2015 18:00,24.45
16-03-2015 19:00,23.05
16-03-2015 20:00,19.36
16-03-2015 21:00,17.68
16-03-2015 22:00,17.55
16-03-2015 23:00,17.08
17-03-2015 00:00,16.77
17-03-2015 01:00,16.26
17-03-2015 02:00,15.96
17-03-2015 03:00,15.18
17-03-2015 04:00,15.15
17-03-2015 05:00,14.53
17-03-2015 06:00,17.98
17-03-2015 07:00,18.63
17-03-2015 08:00,26.78
17-03-2015 09:00,30.12
17-03-2015 10:00,39.98
17-03-2015 11:00,33.255
17-03-2015 12:00,31.65
17-03-2015 13:00,35.93
17-03-2015 14:00,35.4
17-03-2015 15:00,33.99
17-03-2015 16:00,33.45
17-03-2015 17:00,26.58
17-03-2015 18:00,23.22
17-03-2015 19:00,23.03
17-03-2015 20:00,19.68
17-03-2015 21:00,18.64
17-03-2015 22:00,17.41
17-03-2015 23:00,16.14
18-03-2015 00:00,15.4
18-03-2015 01:00,15.57
18-03-2015 02:00,15.18
18-03-2015 03:00,15.66
18-03-2015 04:00,15.28
18-03-2015 05:00,14.91
18-03-2015 06:00,18.86
18-03-2015 07:00,19.23
18-03-2015 08:00,29.35
18-03-2015 09:00,31.53
18-03-2015 10:00,35.59
18-03-2015 11:00,33.65
18-03-2015 12:00,34.01
18-03-2015 13:00,35.19
18-03-2015 14:00,34.93
18-03-2015 15:00,32.7
18-03-2015 16:00,31.42
18-03-2015 17:00,26.07
18-03-2015 18:00,21.8
18-03-2015 19:00,20.26
18-03-2015 20:00,17.72
18-03-2015 21:00,17.33
18-03-2015 22:00,16.61
18-03-2015 23:00,17.64
19-03-2015 00:00,16.12
19-03-2015 01:00,17.27
19-03-2015 02:00,16.08
19-03-2015 03:00,15.43
19-03-2015 04:00,15.74
19-03-2015 05:00,15.66
19-03-2015 06:00,18.08
19-03-2015 07:00,19.59
19-03-2015 08:00,22.54
19-03-2015 09:00,26.2
19-03-2015 10:00,29.33
19-03-2015 11:00,30.02
19-03-2015 12:00,29.44
19-03-2015 13:00,31.41
19-03-2015 14:00,30.8
19-03-2015 15:00,31.19
19-03-2015 16:00,28.67
19-03-2015 17:00,24.62
19-03-2015 18:00,21.8
19-03-2015 19:00,21.7
19-03-2015 20:00,17.83
19-03-2015 21:00,17.82
19-03-2015 22:00,17.99
19-03-2015 23:00,18.24
20-03-2015 00:00,18.28
20-03-2015 01:00,17.91
20-03-2015 02:00,17.79
20-03-2015 03:00,17.09
20-03-2015 04:00,15.26
20-03-2015 05:00,15.7
20-03-2015 06:00,17.24
20-03-2015 07:00,18.35
20-03-2015 08:00,24.86
20-03-2015 09:00,28.74
20-03-2015 10:00,30.33
20-03-2015 11:00,30.18
20-03-2015 12:00,30.69
20-03-2015 13:00,30.12
20-03-2015 14:00,31.53
20-03-2015 15:00,30.8
20-03-2015 16:00,28.91
20-03-2015 17:00,23.27
20-03-2015 18:00,20.06
20-03-2015 19:00,21.22
20-03-2015 20:00,18.11
20-03-2015 21:00,16.53
20-03-2015 22:00,16.53
20-03-2015 23:00,17.13
21-03-2015 00:00,16.17
21-03-2015 01:00,15.4
21-03-2015 02:00,16.54
21-03-2015 03:00,15.43
21-03-2015 04:00,15.58
21-03-2015 05:00,15.48
21-03-2015 06:00,15.53
21-03-2015 07:00,15.2
21-03-2015 08:00,14.38
21-03-2015 09:00,14.34
21-03-2015 10:00,14.5
21-03-2015 11:00,15.69
21-03-2015 12:00,15.38
21-03-2015 13:00,15.39
21-03-2015 14:00,15.06
21-03-2015 15:00,15.17
21-03-2015 16:00,15.26
21-03-2015 17:00,14.53
21-03-2015 18:00,15.53
21-03-2015 19:00,16.43
21-03-2015 20:00,16.3
21-03-2015 21:00,15.86
21-03-2015 22:00,15.83
21-03-2015 23:00,15.78
22-03-2015 00:00,15.93
22-03-2015 01:00,15.79
22-03-2015 02:00,16.06
22-03-2015 03:00,15.22
22-03-2015 04:00,15.63
22-03-2015 05:00,15.99
22-03-2015 06:00,15.41
22-03-2015 07:00,14.11
22-03-2015 08:00,14.51
22-03-2015 09:00,14.36
22-03-2015 10:00,14.76
22-03-2015 11:00,15.52
22-03-2015 12:00,15.46
22-03-2015 13:00,15.99
22-03-2015 14:00,16.28
22-03-2015 15:00,15.2
22-03-2015 16:00,16.12
22-03-2015 17:00,15.47
22-03-2015 18:00,15.83
22-03-2015 19:00,16.21
22-03-2015 20:00,17.32
22-03-2015 21:00,16.66
22-03-2015 22:00,17.11
22-03-2015 23:00,15.57
23-03-2015 00:00,16.12
23-03-2015 01:00,15.81
23-03-2015 02:00,16.27
23-03-2015 03:00,15.74
23-03-2015 04:00,15.76
23-03-2015 05:00,16.11
23-03-2015 06:00,18.58
23-03-2015 07:00,19.6
23-03-2015 08:00,27.37
23-03-2015 09:00,32.34
23-03-2015 10:00,33.34
23-03-2015 11:00,33.85
23-03-2015 12:00,33.57
23-03-2015 13:00,34.13
23-03-2015 14:00,34.79
23-03-2015 15:00,33.69
23-03-2015 16:00,32.99
23-03-2015 17:00,28.78
23-03-2015 18:00,24.16
23-03-2015 19:00,24.47
23-03-2015 20:00,21.27
23-03-2015 21:00,18.61
23-03-2015 22:00,18.52
23-03-2015 23:00,18.13
24-03-2015 00:00,19.33
24-03-2015 01:00,18.37
24-03-2015 02:00,18.21
24-03-2015 03:00,15.34
24-03-2015 04:00,15.89
24-03-2015 05:00,15.45
24-03-2015 06:00,17.81
24-03-2015 07:00,19.86
24-03-2015 08:00,27.44
24-03-2015 09:00,31.85
24-03-2015 10:00,34.84
24-03-2015 11:00,33.59
24-03-2015 12:00,33.37
24-03-2015 13:00,35.93
24-03-2015 14:00,37.02
24-03-2015 15:00,34.87
24-03-2015 16:00,32.81
24-03-2015 17:00,27.24
24-03-2015 18:00,22.2
24-03-2015 19:00,21.32
24-03-2015 20:00,19.68
24-03-2015 21:00,16.47
24-03-2015 22:00,18.36
24-03-2015 23:00,17.11
25-03-2015 00:00,16.19
25-03-2015 01:00,16.36
25-03-2015 02:00,15.78
25-03-2015 03:00,16.55
25-03-2015 04:00,16.17
25-03-2015 05:00,16.74
25-03-2015 06:00,18.71
25-03-2015 07:00,20.63
25-03-2015 08:00,27.25
25-03-2015 09:00,31.09
25-03-2015 10:00,32.81
25-03-2015 11:00,37.95
25-03-2015 12:00,37.69
25-03-2015 13:00,37.78
25-03-2015 14:00,37.63
25-03-2015 15:00,35.27
25-03-2015 16:00,34.48
25-03-2015 17:00,26.83
25-03-2015 18:00,23.67
25-03-2015 19:00,22.37
25-03-2015 20:00,19.07
25-03-2015 21:00,17.88
25-03-2015 22:00,18.8
25-03-2015 23:00,18.01
26-03-2015 00:00,18.44
26-03-2015 01:00,18.48
26-03-2015 02:00,17.79
26-03-2015 03:00,18.46
26-03-2015 04:00,17.28
26-03-2015 05:00,17.93
26-03-2015 06:00,19.49
26-03-2015 07:00,22.58
26-03-2015 08:00,28.44
26-03-2015 09:00,33.26
26-03-2015 10:00,36.14
26-03-2015 11:00,33.42
26-03-2015 12:00,35.04
26-03-2015 13:00,34.46
26-03-2015 14:00,35.8
26-03-2015 15:00,35.94
26-03-2015 16:00,35.12
26-03-2015 17:00,29.92
26-03-2015 18:00,25.68
26-03-2015 19:00,24.21
26-03-2015 20:00,20.71
26-03-2015 21:00,19.82
26-03-2015 22:00,17.74
26-03-2015 23:00,17
27-03-2015 00:00,17.09
27-03-2015 01:00,17.33
27-03-2015 02:00,16.86
27-03-2015 03:00,16
27-03-2015 04:00,16.03
27-03-2015 05:00,15.63
27-03-2015 06:00,18.53
27-03-2015 07:00,19.29
27-03-2015 08:00,27.59
27-03-2015 09:00,31.12
27-03-2015 10:00,33.23
27-03-2015 11:00,36.22
27-03-2015 12:00,29.61
27-03-2015 13:00,31.01
27-03-2015 14:00,33.14
27-03-2015 15:00,31.66
27-03-2015 16:00,30.26
27-03-2015 17:00,22.67
27-03-2015 18:00,20.91
27-03-2015 19:00,22.56
27-03-2015 20:00,18.41
27-03-2015 21:00,17.96
27-03-2015 22:00,16.12
27-03-2015 23:00,16.86
28-03-2015 00:00,17.06
28-03-2015 01:00,16.25
28-03-2015 02:00,15.78
28-03-2015 03:00,14.22
28-03-2015 04:00,14.5
28-03-2015 05:00,14.27
28-03-2015 06:00,14.16
28-03-2015 07:00,12.83
28-03-2015 08:00,13.45
28-03-2015 09:00,14.15
28-03-2015 10:00,14.1
28-03-2015 11:00,13.82
28-03-2015 12:00,13.6
28-03-2015 13:00,14.45
28-03-2015 14:00,14.26
28-03-2015 15:00,14.92
28-03-2015 16:00,14.45
28-03-2015 17:00,14.84
28-03-2015 18:00,13.91
28-03-2015 19:00,15.61
28-03-2015 20:00,14.9
28-03-2015 21:00,15.73
28-03-2015 22:00,15.08
28-03-2015 23:00,15.79
29-03-2015 00:00,14.88
29-03-2015 01:00,14.52
29-03-2015 02:00,15.33
29-03-2015 03:00,14.81
29-03-2015 04:00,14.98
29-03-2015 05:00,14.94
29-03-2015 06:00,14
29-03-2015 07:00,13.2
29-03-2015 08:00,13.65
29-03-2015 09:00,13.4
29-03-2015 10:00,14.08
29-03-2015 11:00,13.9
29-03-2015 12:00,14.56
29-03-2015 13:00,14.34
29-03-2015 14:00,15.15
29-03-2015 15:00,14.86
29-03-2015 16:00,15.38
29-03-2015 17:00,14.05
29-03-2015 18:00,14.96
29-03-2015 19:00,14.92
29-03-2015 20:00,15.78
29-03-2015 21:00,15.65
29-03-2015 22:00,15.42
29-03-2015 23:00,15.57
30-03-2015 00:00,15.16
30-03-2015 01:00,15.17
30-03-2015 02:00,14.62
30-03-2015 03:00,15.35
30-03-2015 04:00,14.75
30-03-2015 05:00,14.89
30-03-2015 06:00,17.56
30-03-2015 07:00,19.89
30-03-2015 08:00,26.77
30-03-2015 09:00,30.26
30-03-2015 10:00,32.36
30-03-2015 11:00,33.87
30-03-2015 12:00,33.96
30-03-2015 13:00,36.11
30-03-2015 14:00,33.25
30-03-2015 15:00,32.54
30-03-2015 16:00,32.14
30-03-2015 17:00,27.57
30-03-2015 18:00,22.22
30-03-2015 19:00,22.43
30-03-2015 20:00,18.55
30-03-2015 21:00,18.23
30-03-2015 22:00,17.84
30-03-2015 23:00,18.19
31-03-2015 00:00,17.5
31-03-2015 01:00,18
31-03-2015 02:00,16.55
31-03-2015 03:00,14.88
31-03-2015 04:00,14.22
31-03-2015 05:00,14.4
31-03-2015 06:00,17.06
31-03-2015 07:00,18.64
31-03-2015 08:00,27.6
31-03-2015 09:00,32.02
31-03-2015 10:00,35.33
31-03-2015 11:00,37.04
31-03-2015 12:00,34.73
31-03-2015 13:00,33.14
31-03-2015 14:00,35.7
31-03-2015 15:00,36.14
31-03-2015 16:00,32.78
31-03-2015 17:00,28.13
31-03-2015 18:00,20.7
31-03-2015 19:00,21.49
31-03-2015 20:00,19.24
31-03-2015 21:00,16.77
31-03-2015 22:00,16.94
31-03-2015 23:00,16.43