timestamp,Office_Pamela
01-01-2015 0:00,14.075
01-01-2015 1:00,14.06666667
01-01-2015 2:00,13.93333333
01-01-2015 3:00,13.925
01-01-2015 4:00,13.94166667
01-01-2015 5:00,13.8
01-01-2015 6:00,13.88333333
01-01-2015 7:00,14.725
01-01-2015 8:00,17.6
01-01-2015 9:00,14.5
01-01-2015 10:00,15.24166667
01-01-2015 11:00,18.91666667
01-01-2015 12:00,16.275
01-01-2015 13:00,16.075
01-01-2015 14:00,16.24166667
01-01-2015 15:00,16.425
01-01-2015 16:00,16.175
01-01-2015 17:00,16.34166667
01-01-2015 18:00,17.76666667
01-01-2015 19:00,14.54166667
01-01-2015 20:00,14.04166667
01-01-2015 21:00,13.91666667
01-01-2015 22:00,14.20833333
01-01-2015 23:00,14.08333333
02-01-2015 0:00,13.96666667
02-01-2015 1:00,16.99166667
02-01-2015 2:00,14.05833333
02-01-2015 3:00,13.86666667
02-01-2015 4:00,14.075
02-01-2015 5:00,13.86666667
02-01-2015 6:00,13.95833333
02-01-2015 7:00,13.16666667
02-01-2015 8:00,13.08333333
02-01-2015 9:00,13.13333333
02-01-2015 10:00,13.45833333
02-01-2015 11:00,14.35
02-01-2015 12:00,14.93333333
02-01-2015 13:00,15.14166667
02-01-2015 14:00,17.24166667
02-01-2015 15:00,17.46666667
02-01-2015 16:00,17.96666667
02-01-2015 17:00,16.64166667
02-01-2015 18:00,13.55
02-01-2015 19:00,13.15833333
02-01-2015 20:00,12.9
02-01-2015 21:00,15.84166667
02-01-2015 22:00,12.93333333
02-01-2015 23:00,12.99166667
03-01-2015 0:00,16.2
03-01-2015 1:00,13.00833333
03-01-2015 2:00,12.86666667
03-01-2015 3:00,12.725
03-01-2015 4:00,15.85833333
03-01-2015 5:00,12.84166667
03-01-2015 6:00,13.04166667
03-01-2015 7:00,16.1
03-01-2015 8:00,19.3
03-01-2015 9:00,18.73333333
03-01-2015 10:00,21.625
03-01-2015 11:00,18.95833333
03-01-2015 12:00,19.29166667
03-01-2015 13:00,20.03333333
03-01-2015 14:00,20.75833333
03-01-2015 15:00,20.85
03-01-2015 16:00,21.625
03-01-2015 17:00,21.63333333
03-01-2015 18:00,19.98333333
03-01-2015 19:00,20.15833333
03-01-2015 20:00,19.825
03-01-2015 21:00,14.48333333
03-01-2015 22:00,16.88333333
03-01-2015 23:00,14.19166667
04-01-2015 0:00,13.91666667
04-01-2015 1:00,17.025
04-01-2015 2:00,14.1
04-01-2015 3:00,13.675
04-01-2015 4:00,16.79166667
04-01-2015 5:00,13.90833333
04-01-2015 6:00,14.01666667
04-01-2015 7:00,19.625
04-01-2015 8:00,19.56666667
04-01-2015 9:00,18.875
04-01-2015 10:00,21.725
04-01-2015 11:00,19.28333333
04-01-2015 12:00,20.60833333
04-01-2015 13:00,23.56666667
04-01-2015 14:00,23.925
04-01-2015 15:00,23.00833333
04-01-2015 16:00,26.93333333
04-01-2015 17:00,23.79166667
04-01-2015 18:00,22.45833333
04-01-2015 19:00,22.48333333
04-01-2015 20:00,22.44166667
04-01-2015 21:00,17.99166667
04-01-2015 22:00,17.475
04-01-2015 23:00,16.075
05-01-2015 0:00,13.15833333
05-01-2015 1:00,12.89166667
05-01-2015 2:00,15.775
05-01-2015 3:00,12.79166667
05-01-2015 4:00,13.46666667
05-01-2015 5:00,17.775
05-01-2015 6:00,17.01666667
05-01-2015 7:00,20.91666667
05-01-2015 8:00,39.625
05-01-2015 9:00,46.64166667
05-01-2015 10:00,46.05833333
05-01-2015 11:00,49.96666667
05-01-2015 12:00,47.88333333
05-01-2015 13:00,48.38333333
05-01-2015 14:00,48.04166667
05-01-2015 15:00,45.81666667
05-01-2015 16:00,44.61666667
05-01-2015 17:00,42.775
05-01-2015 18:00,36.44166667
05-01-2015 19:00,39.63333333
05-01-2015 20:00,35.99166667
05-01-2015 21:00,31.90833333
05-01-2015 22:00,29.85
05-01-2015 23:00,26.15833333
06-01-2015 0:00,25.80833333
06-01-2015 1:00,25.125
06-01-2015 2:00,25.01666667
06-01-2015 3:00,27.80833333
06-01-2015 4:00,25.41666667
06-01-2015 5:00,26.11666667
06-01-2015 6:00,28.90833333
06-01-2015 7:00,29.90833333
06-01-2015 8:00,38.05833333
06-01-2015 9:00,43.3
06-01-2015 10:00,46.21666667
06-01-2015 11:00,48.44166667
06-01-2015 12:00,52.16666667
06-01-2015 13:00,45.83333333
06-01-2015 14:00,49.28333333
06-01-2015 15:00,46.00833333
06-01-2015 16:00,45.48333333
06-01-2015 17:00,40.70833333
06-01-2015 18:00,39.89166667
06-01-2015 19:00,41.69166667
06-01-2015 20:00,38.04166667
06-01-2015 21:00,32.10833333
06-01-2015 22:00,31.08333333
06-01-2015 23:00,29.00833333
07-01-2015 0:00,25.24166667
07-01-2015 1:00,25.25833333
07-01-2015 2:00,25.3
07-01-2015 3:00,28.225
07-01-2015 4:00,25.51666667
07-01-2015 5:00,25.78333333
07-01-2015 6:00,28.55
07-01-2015 7:00,32.48333333
07-01-2015 8:00,37.09166667
07-01-2015 9:00,47.50833333
07-01-2015 10:00,48.33333333
07-01-2015 11:00,44.675
07-01-2015 12:00,45.35833333
07-01-2015 13:00,49.31666667
07-01-2015 14:00,45.86666667
07-01-2015 15:00,45.55
07-01-2015 16:00,50.76666667
07-01-2015 17:00,39.55
07-01-2015 18:00,36.6
07-01-2015 19:00,36.975
07-01-2015 20:00,38.825
07-01-2015 21:00,33.075
07-01-2015 22:00,30.58333333
07-01-2015 23:00,25.55833333
08-01-2015 0:00,25.8
08-01-2015 1:00,25.13333333
08-01-2015 2:00,24.125
08-01-2015 3:00,26.9
08-01-2015 4:00,23.5
08-01-2015 5:00,24.65
08-01-2015 6:00,29.875
08-01-2015 7:00,33.36666667
08-01-2015 8:00,40.25833333
08-01-2015 9:00,44.25833333
08-01-2015 10:00,46.775
08-01-2015 11:00,49.46666667
08-01-2015 12:00,53.29166667
08-01-2015 13:00,52.63333333
08-01-2015 14:00,51.6
08-01-2015 15:00,50.46666667
08-01-2015 16:00,47.25833333
08-01-2015 17:00,42.09166667
08-01-2015 18:00,40.04166667
08-01-2015 19:00,35.31666667
08-01-2015 20:00,36.66666667
08-01-2015 21:00,33.375
08-01-2015 22:00,31.825
08-01-2015 23:00,27.51666667
09-01-2015 0:00,25.88333333
09-01-2015 1:00,25.26666667
09-01-2015 2:00,24.35
09-01-2015 3:00,23.98333333
09-01-2015 4:00,24.175
09-01-2015 5:00,28.03333333
09-01-2015 6:00,25.525
09-01-2015 7:00,30.025
09-01-2015 8:00,36.40833333
09-01-2015 9:00,41.41666667
09-01-2015 10:00,43.11666667
09-01-2015 11:00,48.69166667
09-01-2015 12:00,47.35
09-01-2015 13:00,45.8
09-01-2015 14:00,50.61666667
09-01-2015 15:00,49.19166667
09-01-2015 16:00,48.725
09-01-2015 17:00,42.325
09-01-2015 18:00,36.48333333
09-01-2015 19:00,35.34166667
09-01-2015 20:00,37.15833333
09-01-2015 21:00,35.28333333
09-01-2015 22:00,30.55833333
09-01-2015 23:00,26.49166667
10-01-2015 0:00,26.23333333
10-01-2015 1:00,25.96666667
10-01-2015 2:00,26.03333333
10-01-2015 3:00,28.825
10-01-2015 4:00,26.04166667
10-01-2015 5:00,28.95
10-01-2015 6:00,25.78333333
10-01-2015 7:00,28.9
10-01-2015 8:00,34.875
10-01-2015 9:00,32.16666667
10-01-2015 10:00,34.50833333
10-01-2015 11:00,33.975
10-01-2015 12:00,37.78333333
10-01-2015 13:00,34.875
10-01-2015 14:00,34.89166667
10-01-2015 15:00,33.61666667
10-01-2015 16:00,34.55
10-01-2015 17:00,35.48333333
10-01-2015 18:00,31.45833333
10-01-2015 19:00,31.14166667
10-01-2015 20:00,34.11666667
10-01-2015 21:00,26.84166667
10-01-2015 22:00,26.51666667
10-01-2015 23:00,26.48333333
11-01-2015 0:00,17.96666667
11-01-2015 1:00,17.275
11-01-2015 2:00,17.13333333
11-01-2015 3:00,16.75833333
11-01-2015 4:00,16.80833333
11-01-2015 5:00,16.91666667
11-01-2015 6:00,17.05833333
11-01-2015 7:00,22.625
11-01-2015 8:00,22.35833333
11-01-2015 9:00,21.81666667
11-01-2015 10:00,25.55
11-01-2015 11:00,24.05833333
11-01-2015 12:00,23.74166667
11-01-2015 13:00,24.60833333
11-01-2015 14:00,26.33333333
11-01-2015 15:00,29.83333333
11-01-2015 16:00,26.4
11-01-2015 17:00,29.73333333
11-01-2015 18:00,23.975
11-01-2015 19:00,26.43333333
11-01-2015 20:00,23.14166667
11-01-2015 21:00,18.46666667
11-01-2015 22:00,18.05
11-01-2015 23:00,15.33333333
12-01-2015 0:00,15.21666667
12-01-2015 1:00,15.275
12-01-2015 2:00,18.14166667
12-01-2015 3:00,15.425
12-01-2015 4:00,15.59166667
12-01-2015 5:00,16.00833333
12-01-2015 6:00,16.20833333
12-01-2015 7:00,25.59166667
12-01-2015 8:00,36.88333333
12-01-2015 9:00,41.94166667
12-01-2015 10:00,45.18333333
12-01-2015 11:00,50.34166667
12-01-2015 12:00,46.80833333
12-01-2015 13:00,46.86666667
12-01-2015 14:00,49.80833333
12-01-2015 15:00,46.04166667
12-01-2015 16:00,46.73333333
12-01-2015 17:00,43.66666667
12-01-2015 18:00,40.5
12-01-2015 19:00,37.43333333
12-01-2015 20:00,36.39166667
12-01-2015 21:00,31.13333333
12-01-2015 22:00,21.25833333
12-01-2015 23:00,14.43333333
13-01-2015 00:00,14.46666667
13-01-2015 01:00,17.11666667
13-01-2015 02:00,14.04166667
13-01-2015 03:00,13.81666667
13-01-2015 04:00,14.4
13-01-2015 05:00,14.65833333
13-01-2015 06:00,15.2
13-01-2015 07:00,16.73333333
13-01-2015 08:00,34.825
13-01-2015 09:00,42.15
13-01-2015 10:00,47.425
13-01-2015 11:00,50.05
13-01-2015 12:00,50.85
13-01-2015 13:00,48.8
13-01-2015 14:00,47.3
13-01-2015 15:00,50.94166667
13-01-2015 16:00,45.8
13-01-2015 17:00,45.15
13-01-2015 18:00,42.90833333
13-01-2015 19:00,38.69166667
13-01-2015 20:00,38
13-01-2015 21:00,34.99166667
13-01-2015 22:00,21.35
13-01-2015 23:00,15.74166667
14-01-2015 00:00,15.49166667
14-01-2015 01:00,18.475
14-01-2015 02:00,15.525
14-01-2015 03:00,15.43333333
14-01-2015 04:00,18.39166667
14-01-2015 05:00,15.81666667
14-01-2015 06:00,15.8
14-01-2015 07:00,21.51666667
14-01-2015 08:00,37.375
14-01-2015 09:00,40.74166667
14-01-2015 10:00,48.11666667
14-01-2015 11:00,51.01666667
14-01-2015 12:00,45.50833333
14-01-2015 13:00,47.2
14-01-2015 14:00,51.05833333
14-01-2015 15:00,55.8
14-01-2015 16:00,48.31666667
14-01-2015 17:00,46
14-01-2015 18:00,36.98333333
14-01-2015 19:00,36.4
14-01-2015 20:00,36.84166667
14-01-2015 21:00,35.29166667
14-01-2015 22:00,21.41666667
14-01-2015 23:00,15.05833333
15-01-2015 00:00,15.00833333
15-01-2015 01:00,14.975
15-01-2015 02:00,14.95833333
15-01-2015 03:00,14.875
15-01-2015 04:00,14.99166667
15-01-2015 05:00,17.93333333
15-01-2015 06:00,16.45
15-01-2015 07:00,21.45
15-01-2015 08:00,34.28333333
15-01-2015 09:00,45.225
15-01-2015 10:00,47.50833333
15-01-2015 11:00,49.29166667
15-01-2015 12:00,47.36666667
15-01-2015 13:00,49.525
15-01-2015 14:00,54.675
15-01-2015 15:00,52.95
15-01-2015 16:00,45.54166667
15-01-2015 17:00,44.275
15-01-2015 18:00,40.85
15-01-2015 19:00,36.76666667
15-01-2015 20:00,38.06666667
15-01-2015 21:00,40.78333333
15-01-2015 22:00,24.03333333
15-01-2015 23:00,17.68333333
16-01-2015 00:00,16.46666667
16-01-2015 01:00,19.51666667
16-01-2015 02:00,16.71666667
16-01-2015 03:00,15.84166667
16-01-2015 04:00,15.4
16-01-2015 05:00,15.96666667
16-01-2015 06:00,19.18333333
16-01-2015 07:00,23.75
16-01-2015 08:00,35.11666667
16-01-2015 09:00,40
16-01-2015 10:00,46.325
16-01-2015 11:00,46.85
16-01-2015 12:00,44.59166667
16-01-2015 13:00,42.90833333
16-01-2015 14:00,43.03333333
16-01-2015 15:00,43.80833333
16-01-2015 16:00,46.43333333
16-01-2015 17:00,40.39166667
16-01-2015 18:00,37.84166667
16-01-2015 19:00,36.63333333
16-01-2015 20:00,36.76666667
16-01-2015 21:00,35.875
16-01-2015 22:00,22.63333333
16-01-2015 23:00,18.58333333
17-01-2015 00:00,18.95833333
17-01-2015 01:00,18.78333333
17-01-2015 02:00,21.69166667
17-01-2015 03:00,18.325
17-01-2015 04:00,17.39166667
17-01-2015 05:00,20.15833333
17-01-2015 06:00,17.425
17-01-2015 07:00,23.075
17-01-2015 08:00,22.90833333
17-01-2015 09:00,23.30833333
17-01-2015 10:00,24.5
17-01-2015 11:00,24.11666667
17-01-2015 12:00,27.39166667
17-01-2015 13:00,27.78333333
17-01-2015 14:00,27.575
17-01-2015 15:00,27.20833333
17-01-2015 16:00,28.60833333
17-01-2015 17:00,26.65833333
17-01-2015 18:00,24.98333333
17-01-2015 19:00,24.51666667
17-01-2015 20:00,24.61666667
17-01-2015 21:00,24.49166667
17-01-2015 22:00,24.18333333
17-01-2015 23:00,24.24166667
18-01-2015 00:00,24.65833333
18-01-2015 01:00,24.69166667
18-01-2015 02:00,26.9
18-01-2015 03:00,23.49166667
18-01-2015 04:00,23.21666667
18-01-2015 05:00,26.175
18-01-2015 06:00,23.34166667
18-01-2015 07:00,23.18333333
18-01-2015 08:00,23.20833333
18-01-2015 09:00,23.08333333
18-01-2015 10:00,24.65
18-01-2015 11:00,26.16666667
18-01-2015 12:00,29.425
18-01-2015 13:00,27.15833333
18-01-2015 14:00,28.1
18-01-2015 15:00,32.99166667
18-01-2015 16:00,30.075
18-01-2015 17:00,30
18-01-2015 18:00,27.99166667
18-01-2015 19:00,26.95
18-01-2015 20:00,27.80833333
18-01-2015 21:00,27.525
18-01-2015 22:00,26.65833333
18-01-2015 23:00,22.425
19-01-2015 00:00,22.33333333
19-01-2015 01:00,25.225
19-01-2015 02:00,21.93333333
19-01-2015 03:00,21.325
19-01-2015 04:00,24.09166667
19-01-2015 05:00,22.2
19-01-2015 06:00,21.825
19-01-2015 07:00,23.23333333
19-01-2015 08:00,35.325
19-01-2015 09:00,40.99166667
19-01-2015 10:00,46.275
19-01-2015 11:00,44.175
19-01-2015 12:00,43.35
19-01-2015 13:00,46
19-01-2015 14:00,47.875
19-01-2015 15:00,44.36666667
19-01-2015 16:00,46.36666667
19-01-2015 17:00,46.00833333
19-01-2015 18:00,41.2
19-01-2015 19:00,36.88333333
19-01-2015 20:00,37.36666667
19-01-2015 21:00,39.825
19-01-2015 22:00,22.61666667
19-01-2015 23:00,16.25833333
20-01-2015 00:00,16.29166667
20-01-2015 01:00,18.9
20-01-2015 02:00,15.6
20-01-2015 03:00,14.68333333
20-01-2015 04:00,17.39166667
20-01-2015 05:00,14.95833333
20-01-2015 06:00,21.15833333
20-01-2015 07:00,17.875
20-01-2015 08:00,36.40833333
20-01-2015 09:00,45.11666667
20-01-2015 10:00,47.19166667
20-01-2015 11:00,47.69166667
20-01-2015 12:00,44.95833333
20-01-2015 13:00,49.78333333
20-01-2015 14:00,45.075
20-01-2015 15:00,46.00833333
20-01-2015 16:00,48.21666667
20-01-2015 17:00,43.93333333
20-01-2015 18:00,37.94166667
20-01-2015 19:00,39.74166667
20-01-2015 20:00,36.86666667
20-01-2015 21:00,33.31666667
20-01-2015 22:00,23.34166667
20-01-2015 23:00,19.7
21-01-2015 00:00,19.625
21-01-2015 01:00,19.44166667
21-01-2015 02:00,22.29166667
21-01-2015 03:00,19.29166667
21-01-2015 04:00,19.275
21-01-2015 05:00,23.05
21-01-2015 06:00,22.69166667
21-01-2015 07:00,22.73333333
21-01-2015 08:00,37.24166667
21-01-2015 09:00,48.375
21-01-2015 10:00,50.66666667
21-01-2015 11:00,49.75
21-01-2015 12:00,45.70833333
21-01-2015 13:00,44.95
21-01-2015 14:00,43.64166667
21-01-2015 15:00,45.925
21-01-2015 16:00,43.96666667
21-01-2015 17:00,40.30833333
21-01-2015 18:00,37.00833333
21-01-2015 19:00,37.84166667
21-01-2015 20:00,37.00833333
21-01-2015 21:00,31.6
21-01-2015 22:00,30.95833333
21-01-2015 23:00,16.75833333
22-01-2015 00:00,16.11666667
22-01-2015 01:00,15.68333333
22-01-2015 02:00,15.41666667
22-01-2015 03:00,14.925
22-01-2015 04:00,15.36666667
22-01-2015 05:00,18.33333333
22-01-2015 06:00,18.11666667
22-01-2015 07:00,18.9
22-01-2015 08:00,33.73333333
22-01-2015 09:00,43.31666667
22-01-2015 10:00,48.13333333
22-01-2015 11:00,49.68333333
22-01-2015 12:00,46.98333333
22-01-2015 13:00,45.75
22-01-2015 14:00,46.56666667
22-01-2015 15:00,50.95833333
22-01-2015 16:00,49.15
22-01-2015 17:00,40.81666667
22-01-2015 18:00,38.33333333
22-01-2015 19:00,42.13333333
22-01-2015 20:00,39.81666667
22-01-2015 21:00,37.78333333
22-01-2015 22:00,24.55
22-01-2015 23:00,18.71666667
23-01-2015 00:00,18.425
23-01-2015 01:00,18.58333333
23-01-2015 02:00,17.64166667
23-01-2015 03:00,17.63333333
23-01-2015 04:00,16.925
23-01-2015 05:00,17.20833333
23-01-2015 06:00,18.15
23-01-2015 07:00,24.26666667
23-01-2015 08:00,34.9
23-01-2015 09:00,40.8
23-01-2015 10:00,44.11666667
23-01-2015 11:00,45.28333333
23-01-2015 12:00,44.66666667
23-01-2015 13:00,46.98333333
23-01-2015 14:00,43.75833333
23-01-2015 15:00,41.76666667
23-01-2015 16:00,44.375
23-01-2015 17:00,32.85833333
23-01-2015 18:00,30.19166667
23-01-2015 19:00,29.96666667
23-01-2015 20:00,29.86666667
23-01-2015 21:00,25.45833333
23-01-2015 22:00,16.39166667
23-01-2015 23:00,15.5
24-01-2015 00:00,18.2
24-01-2015 01:00,14.95
24-01-2015 02:00,15.30833333
24-01-2015 03:00,14.88333333
24-01-2015 04:00,17.90833333
24-01-2015 05:00,14.86666667
24-01-2015 06:00,14.89166667
24-01-2015 07:00,17.9
24-01-2015 08:00,23.325
24-01-2015 09:00,19.975
24-01-2015 10:00,19.95
24-01-2015 11:00,20.5
24-01-2015 12:00,21.9
24-01-2015 13:00,22.1
24-01-2015 14:00,21.825
24-01-2015 15:00,21.85
24-01-2015 16:00,22.4
24-01-2015 17:00,21.36666667
24-01-2015 18:00,21.35
24-01-2015 19:00,20.3
24-01-2015 20:00,22.99166667
24-01-2015 21:00,15.58333333
24-01-2015 22:00,14.925
24-01-2015 23:00,15.05833333
25-01-2015 00:00,18.05
25-01-2015 01:00,15.3
25-01-2015 02:00,15.25833333
25-01-2015 03:00,18.00833333
25-01-2015 04:00,14.84166667
25-01-2015 05:00,14.76666667
25-01-2015 06:00,14.98333333
25-01-2015 07:00,17.39166667
25-01-2015 08:00,19.76666667
25-01-2015 09:00,19.49166667
25-01-2015 10:00,19.61666667
25-01-2015 11:00,20.63333333
25-01-2015 12:00,20.975
25-01-2015 13:00,22.69166667
25-01-2015 14:00,19.78333333
25-01-2015 15:00,20.25833333
25-01-2015 16:00,19.825
25-01-2015 17:00,20.20833333
25-01-2015 18:00,24.55
25-01-2015 19:00,20.94166667
25-01-2015 20:00,19.9
25-01-2015 21:00,15.51666667
25-01-2015 22:00,17.95833333
25-01-2015 23:00,14.78333333
26-01-2015 00:00,14.775
26-01-2015 01:00,17.625
26-01-2015 02:00,14.65
26-01-2015 03:00,15.05833333
26-01-2015 04:00,14.775
26-01-2015 05:00,17.84166667
26-01-2015 06:00,18.08333333
26-01-2015 07:00,28.54166667
26-01-2015 08:00,35.375
26-01-2015 09:00,43
26-01-2015 10:00,42
26-01-2015 11:00,48.475
26-01-2015 12:00,48.96666667
26-01-2015 13:00,44.58333333
26-01-2015 14:00,42.40833333
26-01-2015 15:00,38.05
26-01-2015 16:00,35.00833333
26-01-2015 17:00,32.33333333
26-01-2015 18:00,34.9
26-01-2015 19:00,31.075
26-01-2015 20:00,31.19166667
26-01-2015 21:00,26.88333333
26-01-2015 22:00,26.075
26-01-2015 23:00,25.73333333
27-01-2015 00:00,25.91666667
27-01-2015 01:00,25.63333333
27-01-2015 02:00,28.925
27-01-2015 03:00,25.55833333
27-01-2015 04:00,25.6
27-01-2015 05:00,28.725
27-01-2015 06:00,29.43333333
27-01-2015 07:00,27.19166667
27-01-2015 08:00,32.6
27-01-2015 09:00,32.73333333
27-01-2015 10:00,32.60833333
27-01-2015 11:00,35.31666667
27-01-2015 12:00,32.64166667
27-01-2015 13:00,32.875
27-01-2015 14:00,32.7
27-01-2015 15:00,35.56666667
27-01-2015 16:00,33.85833333
27-01-2015 17:00,33.29166667
27-01-2015 18:00,32.94166667
27-01-2015 19:00,32.225
27-01-2015 20:00,31.89166667
27-01-2015 21:00,27.4
27-01-2015 22:00,26.40833333
27-01-2015 23:00,26.36666667
28-01-2015 00:00,26.475
28-01-2015 01:00,29.20833333
28-01-2015 02:00,26.39166667
28-01-2015 03:00,26.16666667
28-01-2015 04:00,28.98333333
28-01-2015 05:00,25.96666667
28-01-2015 06:00,26.35833333
28-01-2015 07:00,30.14166667
28-01-2015 08:00,35.75833333
28-01-2015 09:00,40.725
28-01-2015 10:00,45.84166667
28-01-2015 11:00,45.14166667
28-01-2015 12:00,45.7
28-01-2015 13:00,43.94166667
28-01-2015 14:00,42.75
28-01-2015 15:00,44.44166667
28-01-2015 16:00,45.71666667
28-01-2015 17:00,33.29166667
28-01-2015 18:00,31.15
28-01-2015 19:00,30.175
28-01-2015 20:00,33.025
28-01-2015 21:00,25.90833333
28-01-2015 22:00,24.625
28-01-2015 23:00,24.625
29-01-2015 00:00,27.725
29-01-2015 01:00,24.8
29-01-2015 02:00,24.68333333
29-01-2015 03:00,27.26666667
29-01-2015 04:00,24.6
29-01-2015 05:00,24.45833333
29-01-2015 06:00,27.41666667
29-01-2015 07:00,27.85
29-01-2015 08:00,35.175
29-01-2015 09:00,43.18333333
29-01-2015 10:00,42.375
29-01-2015 11:00,49.56666667
29-01-2015 12:00,46.28333333
29-01-2015 13:00,42.29166667
29-01-2015 14:00,43.975
29-01-2015 15:00,43.6
29-01-2015 16:00,42.225
29-01-2015 17:00,33.63333333
29-01-2015 18:00,31.80833333
29-01-2015 19:00,31.60833333
29-01-2015 20:00,31.03333333
29-01-2015 21:00,25.96666667
29-01-2015 22:00,24.91666667
29-01-2015 23:00,24.96666667
30-01-2015 00:00,25.64166667
30-01-2015 01:00,25.34166667
30-01-2015 02:00,25.08333333
30-01-2015 03:00,24.88333333
30-01-2015 04:00,27.54166667
30-01-2015 05:00,27.68333333
30-01-2015 06:00,25.03333333
30-01-2015 07:00,31.80833333
30-01-2015 08:00,35.60833333
30-01-2015 09:00,39.94166667
30-01-2015 10:00,44.76666667
30-01-2015 11:00,49.86666667
30-01-2015 12:00,45.39166667
30-01-2015 13:00,42.08333333
30-01-2015 14:00,46.14166667
30-01-2015 15:00,45.36666667
30-01-2015 16:00,41.34166667
30-01-2015 17:00,39.64166667
30-01-2015 18:00,34.28333333
30-01-2015 19:00,33.65833333
30-01-2015 20:00,33.99166667
30-01-2015 21:00,28.99166667
30-01-2015 22:00,28.09166667
30-01-2015 23:00,28.1
31-01-2015 00:00,28.15833333
31-01-2015 01:00,28.2
31-01-2015 02:00,27.90833333
31-01-2015 03:00,31.1
31-01-2015 04:00,25.44166667
31-01-2015 05:00,18.625
31-01-2015 06:00,22.28333333
31-01-2015 07:00,22.11666667
31-01-2015 08:00,25.43333333
31-01-2015 09:00,25.4
31-01-2015 10:00,24.53333333
31-01-2015 11:00,25.38333333
31-01-2015 12:00,26.46666667
31-01-2015 13:00,30.00833333
31-01-2015 14:00,26.125
31-01-2015 15:00,29.16666667
31-01-2015 16:00,26.68333333
31-01-2015 17:00,25.51666667
31-01-2015 18:00,24.725
31-01-2015 19:00,24.74166667
31-01-2015 20:00,24.65
31-01-2015 21:00,19.875
31-01-2015 22:00,22.28333333
31-01-2015 23:00,19.7
01-02-2015 0:00,19.79166667
01-02-2015 1:00,19.75
01-02-2015 2:00,19.60833333
01-02-2015 3:00,19.30833333
01-02-2015 4:00,19.61666667
01-02-2015 5:00,20
01-02-2015 6:00,19.775
01-02-2015 7:00,22.18333333
01-02-2015 8:00,24.74166667
01-02-2015 9:00,24.84166667
01-02-2015 10:00,24.5
01-02-2015 11:00,25.975
01-02-2015 12:00,25.79166667
01-02-2015 13:00,26.99166667
01-02-2015 14:00,32.36666667
01-02-2015 15:00,28.54166667
01-02-2015 16:00,27.61666667
01-02-2015 17:00,26.4
01-02-2015 18:00,25.58333333
01-02-2015 19:00,24.98333333
01-02-2015 20:00,27.83333333
01-02-2015 21:00,20.41666667
01-02-2015 22:00,19.65833333
01-02-2015 23:00,16.03333333
02-02-2015 0:00,24.20833333
02-02-2015 1:00,24.76666667
02-02-2015 2:00,27.68333333
02-02-2015 3:00,24.59166667
02-02-2015 4:00,25.06666667
02-02-2015 5:00,28.30833333
02-02-2015 6:00,28.59166667
02-02-2015 7:00,33.68333333
02-02-2015 8:00,38.525
02-02-2015 9:00,48.2
02-02-2015 10:00,51.49166667
02-02-2015 11:00,54.30833333
02-02-2015 12:00,50.48333333
02-02-2015 13:00,53.7
02-02-2015 14:00,52.85
02-02-2015 15:00,55.65833333
02-02-2015 16:00,48.775
02-02-2015 17:00,45.225
02-02-2015 18:00,39.43333333
02-02-2015 19:00,36.65
02-02-2015 20:00,35.55
02-02-2015 21:00,30.34166667
02-02-2015 22:00,29.51666667
02-02-2015 23:00,28.95
03-02-2015 0:00,28.73333333
03-02-2015 1:00,31.4
03-02-2015 2:00,28.6
03-02-2015 3:00,28.425
03-02-2015 4:00,31.79166667
03-02-2015 5:00,29.7
03-02-2015 6:00,31.5
03-02-2015 7:00,33.14166667
03-02-2015 8:00,39.45833333
03-02-2015 9:00,45.39166667
03-02-2015 10:00,51.09166667
03-02-2015 11:00,49.95
03-02-2015 12:00,50.21666667
03-02-2015 13:00,53.04166667
03-02-2015 14:00,44.22307692
03-02-2015 15:00,55.53333333
03-02-2015 16:00,51.31666667
03-02-2015 17:00,43.38333333
03-02-2015 18:00,40.96666667
03-02-2015 19:00,38.39166667
03-02-2015 20:00,37.56666667
03-02-2015 21:00,34.96666667
03-02-2015 22:00,30.38333333
03-02-2015 23:00,25.13333333
04-02-2015 0:00,24.91666667
04-02-2015 1:00,27.54166667
04-02-2015 2:00,24.54166667
04-02-2015 3:00,24.625
04-02-2015 4:00,25.54166667
04-02-2015 5:00,28.55833333
04-02-2015 6:00,27.70833333
04-02-2015 7:00,29.09166667
04-02-2015 8:00,37.96666667
04-02-2015 9:00,51.61666667
04-02-2015 10:00,49.05833333
04-02-2015 11:00,51.29166667
04-02-2015 12:00,54.41666667
04-02-2015 13:00,50.23333333
04-02-2015 14:00,47.76666667
04-02-2015 15:00,53
04-02-2015 16:00,49.85
04-02-2015 17:00,47.85
04-02-2015 18:00,42.7
04-02-2015 19:00,37.19166667
04-02-2015 20:00,37.575
04-02-2015 21:00,34.08333333
04-02-2015 22:00,32.775
04-02-2015 23:00,28.01666667
05-02-2015 0:00,29.85833333
05-02-2015 1:00,26.84166667
05-02-2015 2:00,26.60833333
05-02-2015 3:00,26.56666667
05-02-2015 4:00,30.025
05-02-2015 5:00,31.09166667
05-02-2015 6:00,27.575
05-02-2015 7:00,34.49166667
05-02-2015 8:00,37.50833333
05-02-2015 9:00,47.91666667
05-02-2015 10:00,51.175
05-02-2015 11:00,55.425
05-02-2015 12:00,49.76666667
05-02-2015 13:00,52.73333333
05-02-2015 14:00,54.4
05-02-2015 15:00,52.875
05-02-2015 16:00,51.10833333
05-02-2015 17:00,49.59166667
05-02-2015 18:00,42.85
05-02-2015 19:00,38.475
05-02-2015 20:00,38.65833333
05-02-2015 21:00,37.10833333
05-02-2015 22:00,32.85
05-02-2015 23:00,27.23333333
06-02-2015 0:00,26.83333333
06-02-2015 1:00,26.74166667
06-02-2015 2:00,26.66666667
06-02-2015 3:00,26.53333333
06-02-2015 4:00,29.95
06-02-2015 5:00,27.85
06-02-2015 6:00,26.89166667
06-02-2015 7:00,32.54166667
06-02-2015 8:00,37.65
06-02-2015 9:00,46.26666667
06-02-2015 10:00,54.35833333
06-02-2015 11:00,51.3
06-02-2015 12:00,49.85833333
06-02-2015 13:00,47.96666667
06-02-2015 14:00,51.75
06-02-2015 15:00,51.89166667
06-02-2015 16:00,49.25
06-02-2015 17:00,42.90833333
06-02-2015 18:00,36.53333333
06-02-2015 19:00,35.44166667
06-02-2015 20:00,35.55833333
06-02-2015 21:00,30.99166667
06-02-2015 22:00,30.26666667
06-02-2015 23:00,28.00833333
07-02-2015 0:00,28
07-02-2015 1:00,30.60833333
07-02-2015 2:00,27.575
07-02-2015 3:00,27.425
07-02-2015 4:00,30.375
07-02-2015 5:00,27.35833333
07-02-2015 6:00,27.575
07-02-2015 7:00,30.54166667
07-02-2015 8:00,36.2
07-02-2015 9:00,33.16666667
07-02-2015 10:00,33.3
07-02-2015 11:00,33.7
07-02-2015 12:00,35.8
07-02-2015 13:00,37.625
07-02-2015 14:00,38.725
07-02-2015 15:00,38.26666667
07-02-2015 16:00,38.03333333
07-02-2015 17:00,38.45
07-02-2015 18:00,36.14166667
07-02-2015 19:00,33.54166667
07-02-2015 20:00,33.46666667
07-02-2015 21:00,32.05833333
07-02-2015 22:00,29.01666667
07-02-2015 23:00,28.80833333
08-02-2015 0:00,23.36666667
08-02-2015 1:00,19.70833333
08-02-2015 2:00,19.575
08-02-2015 3:00,19.26666667
08-02-2015 4:00,19.26666667
08-02-2015 5:00,19.13333333
08-02-2015 6:00,19.3
08-02-2015 7:00,21.98333333
08-02-2015 8:00,24.81666667
08-02-2015 9:00,23.55
08-02-2015 10:00,26.46666667
08-02-2015 11:00,24.6
08-02-2015 12:00,25.39166667
08-02-2015 13:00,28.10833333
08-02-2015 14:00,28.38333333
08-02-2015 15:00,34.43333333
08-02-2015 16:00,31.95
08-02-2015 17:00,29.975
08-02-2015 18:00,28.44166667
08-02-2015 19:00,27.29166667
08-02-2015 20:00,26.45
08-02-2015 21:00,24.39166667
08-02-2015 22:00,20.875
08-02-2015 23:00,17.225
09-02-2015 0:00,17.1
09-02-2015 1:00,16.95833333
09-02-2015 2:00,17.01666667
09-02-2015 3:00,17.01666667
09-02-2015 4:00,19.76666667
09-02-2015 5:00,17.60833333
09-02-2015 6:00,17.58333333
09-02-2015 7:00,23.65833333
09-02-2015 8:00,35.50833333
09-02-2015 9:00,45.2
09-02-2015 10:00,51.5
09-02-2015 11:00,51.84166667
09-02-2015 12:00,52.30833333
09-02-2015 13:00,52.975
09-02-2015 14:00,51.81666667
09-02-2015 15:00,50.63333333
09-02-2015 16:00,48.9
09-02-2015 17:00,49.00833333
09-02-2015 18:00,38.35833333
09-02-2015 19:00,36.98333333
09-02-2015 20:00,36.90833333
09-02-2015 21:00,35
09-02-2015 22:00,22.81666667
09-02-2015 23:00,21.04166667
10-02-2015 0:00,20.15
10-02-2015 1:00,19.76666667
10-02-2015 2:00,19.5
10-02-2015 3:00,19.35833333
10-02-2015 4:00,19.79166667
10-02-2015 5:00,21.125
10-02-2015 6:00,19.91666667
10-02-2015 7:00,22.98333333
10-02-2015 8:00,37.9
10-02-2015 9:00,49.00833333
10-02-2015 10:00,49.86666667
10-02-2015 11:00,54.975
10-02-2015 12:00,51.15833333
10-02-2015 13:00,55.20833333
10-02-2015 14:00,56.53333333
10-02-2015 15:00,51.03333333
10-02-2015 16:00,51.98333333
10-02-2015 17:00,42
10-02-2015 18:00,41.21666667
10-02-2015 19:00,38.75833333
10-02-2015 20:00,40.325
10-02-2015 21:00,34.66666667
10-02-2015 22:00,25.69166667
10-02-2015 23:00,19.525
11-02-2015 0:00,18.76666667
11-02-2015 1:00,20.01666667
11-02-2015 2:00,16.54166667
11-02-2015 3:00,16.44166667
11-02-2015 4:00,16.5
11-02-2015 5:00,20.49166667
11-02-2015 6:00,19.825
11-02-2015 7:00,23.09166667
11-02-2015 8:00,38.03333333
11-02-2015 9:00,45.375
11-02-2015 10:00,51.575
11-02-2015 11:00,55.35833333
11-02-2015 12:00,50.46666667
11-02-2015 13:00,51.125
11-02-2015 14:00,47.75
11-02-2015 15:00,48.03333333
11-02-2015 16:00,51.09166667
11-02-2015 17:00,44.16666667
11-02-2015 18:00,40.35
11-02-2015 19:00,35.00833333
11-02-2015 20:00,35.30833333
11-02-2015 21:00,31.98333333
11-02-2015 22:00,22.91666667
11-02-2015 23:00,21.89166667
12-02-2015 0:00,17.4
12-02-2015 1:00,17.31666667
12-02-2015 2:00,17.45833333
12-02-2015 3:00,17.39166667
12-02-2015 4:00,17.8
12-02-2015 5:00,22.10833333
12-02-2015 6:00,18.26666667
12-02-2015 7:00,26.46666667
12-02-2015 8:00,40.675
12-02-2015 9:00,45.51666667
12-02-2015 10:00,50.20833333
12-02-2015 11:00,50.69166667
12-02-2015 12:00,52.3
12-02-2015 13:00,50.49166667
12-02-2015 14:00,49.16666667
12-02-2015 15:00,51.06666667
12-02-2015 16:00,51.39166667
12-02-2015 17:00,42.2
12-02-2015 18:00,38.475
12-02-2015 19:00,39.03333333
12-02-2015 20:00,39.16666667
12-02-2015 21:00,38.85833333
12-02-2015 22:00,26.94166667
12-02-2015 23:00,21.15
13-02-2015 00:00,17.83333333
13-02-2015 01:00,17.4
13-02-2015 02:00,17.41666667
13-02-2015 03:00,17.175
13-02-2015 04:00,20.2
13-02-2015 05:00,19.13333333
13-02-2015 06:00,20.49166667
13-02-2015 07:00,24.375
13-02-2015 08:00,36.59166667
13-02-2015 09:00,46.025
13-02-2015 10:00,45.50833333
13-02-2015 11:00,46.75
13-02-2015 12:00,49.89166667
13-02-2015 13:00,45.05
13-02-2015 14:00,46.4
13-02-2015 15:00,47.175
13-02-2015 16:00,48.09166667
13-02-2015 17:00,43.73333333
13-02-2015 18:00,36.58333333
13-02-2015 19:00,35.15
13-02-2015 20:00,35.625
13-02-2015 21:00,34.125
13-02-2015 22:00,22.45
13-02-2015 23:00,14.76666667
14-02-2015 00:00,14.50833333
14-02-2015 01:00,17.34166667
14-02-2015 02:00,14.38333333
14-02-2015 03:00,14.29166667
14-02-2015 04:00,17.43333333
14-02-2015 05:00,14.425
14-02-2015 06:00,14.54166667
14-02-2015 07:00,20.4
14-02-2015 08:00,20.84166667
14-02-2015 09:00,19.725
14-02-2015 10:00,24.325
14-02-2015 11:00,28.15
14-02-2015 12:00,26.01666667
14-02-2015 13:00,27.475
14-02-2015 14:00,30.78333333
14-02-2015 15:00,28.73333333
14-02-2015 16:00,31.96666667
14-02-2015 17:00,24.61666667
14-02-2015 18:00,23.21666667
14-02-2015 19:00,21.65833333
14-02-2015 20:00,21.425
14-02-2015 21:00,19.89166667
14-02-2015 22:00,15.28333333
14-02-2015 23:00,15.16666667
15-02-2015 00:00,18.01666667
15-02-2015 01:00,15.41666667
15-02-2015 02:00,15.40833333
15-02-2015 03:00,14.85833333
15-02-2015 04:00,15.06666667
15-02-2015 05:00,14.85
15-02-2015 06:00,14.89166667
15-02-2015 07:00,17.76666667
15-02-2015 08:00,21.30833333
15-02-2015 09:00,20.4
15-02-2015 10:00,20.28333333
15-02-2015 11:00,20.40833333
15-02-2015 12:00,25.15833333
15-02-2015 13:00,22.5
15-02-2015 14:00,29.16666667
15-02-2015 15:00,28.01666667
15-02-2015 16:00,29.20833333
15-02-2015 17:00,29.85
15-02-2015 18:00,26.21666667
15-02-2015 19:00,25.71666667
15-02-2015 20:00,26
15-02-2015 21:00,25.20833333
15-02-2015 22:00,21.63333333
15-02-2015 23:00,18.125
16-02-2015 00:00,18.56666667
16-02-2015 01:00,17.76666667
16-02-2015 02:00,16.2
16-02-2015 03:00,16.16666667
16-02-2015 04:00,16.56666667
16-02-2015 05:00,17.89166667
16-02-2015 06:00,23.55
16-02-2015 07:00,28.59166667
16-02-2015 08:00,40.375
16-02-2015 09:00,50.7
16-02-2015 10:00,53.91666667
16-02-2015 11:00,51.225
16-02-2015 12:00,49.90833333
16-02-2015 13:00,49.73333333
16-02-2015 14:00,53.3
16-02-2015 15:00,53.075
16-02-2015 16:00,46.28333333
16-02-2015 17:00,45.025
16-02-2015 18:00,39.85
16-02-2015 19:00,38.48333333
16-02-2015 20:00,38.71666667
16-02-2015 21:00,34.14166667
16-02-2015 22:00,26.18333333
16-02-2015 23:00,19.56666667
17-02-2015 00:00,18.975
17-02-2015 01:00,19.075
17-02-2015 02:00,21.75833333
17-02-2015 03:00,18.60833333
17-02-2015 04:00,18.66666667
17-02-2015 05:00,22.88333333
17-02-2015 06:00,23.19166667
17-02-2015 07:00,30.21666667
17-02-2015 08:00,37.63333333
17-02-2015 09:00,44.025
17-02-2015 10:00,47.58333333
17-02-2015 11:00,49.30833333
17-02-2015 12:00,49.21666667
17-02-2015 13:00,52
17-02-2015 14:00,52.05
17-02-2015 15:00,49.325
17-02-2015 16:00,48.45
17-02-2015 17:00,42.95
17-02-2015 18:00,41.69166667
17-02-2015 19:00,38.93333333
17-02-2015 20:00,39.98333333
17-02-2015 21:00,34.85
17-02-2015 22:00,32.71666667
17-02-2015 23:00,31.51666667
18-02-2015 00:00,30.26363636
18-02-2015 01:00,24.7675
18-02-2015 02:00,24.0525
18-02-2015 03:00,23.8525
18-02-2015 04:00,24.4525
18-02-2015 05:00,25.88
18-02-2015 06:00,26.1175
18-02-2015 07:00,28.3025
18-02-2015 08:00,37.4275
18-02-2015 09:00,50.63
18-02-2015 10:00,52.44166667
18-02-2015 11:00,56.075
18-02-2015 12:00,53.53333333
18-02-2015 13:00,51.34166667
18-02-2015 14:00,48.41666667
18-02-2015 15:00,48.00833333
18-02-2015 16:00,46.70833333
18-02-2015 17:00,45.71666667
18-02-2015 18:00,41.44166667
18-02-2015 19:00,39.75
18-02-2015 20:00,38.03333333
18-02-2015 21:00,33.03333333
18-02-2015 22:00,31.51666667
18-02-2015 23:00,26.825
19-02-2015 00:00,25.99166667
19-02-2015 01:00,26.00833333
19-02-2015 02:00,25.975
19-02-2015 03:00,26.19166667
19-02-2015 04:00,26.05833333
19-02-2015 05:00,30.1
19-02-2015 06:00,27.375
19-02-2015 07:00,36.03333333
19-02-2015 08:00,41.61666667
19-02-2015 09:00,46.26666667
19-02-2015 10:00,48.33333333
19-02-2015 11:00,48.55
19-02-2015 12:00,51.025
19-02-2015 13:00,50.50833333
19-02-2015 14:00,51.28333333
19-02-2015 15:00,51.70833333
19-02-2015 16:00,50.73333333
19-02-2015 17:00,46.4
19-02-2015 18:00,43.075
19-02-2015 19:00,38.71666667
19-02-2015 20:00,37.175
19-02-2015 21:00,33.45833333
19-02-2015 22:00,31.21666667
19-02-2015 23:00,27.76666667
20-02-2015 00:00,30.3
20-02-2015 01:00,27.25833333
20-02-2015 02:00,27.23333333
20-02-2015 03:00,30.36666667
20-02-2015 04:00,28.225
20-02-2015 05:00,28.25833333
20-02-2015 06:00,27.81666667
20-02-2015 07:00,31.625
20-02-2015 08:00,41.58333333
20-02-2015 09:00,44.88333333
20-02-2015 10:00,47.59166667
20-02-2015 11:00,51.05833333
20-02-2015 12:00,49.78333333
20-02-2015 13:00,47.65
20-02-2015 14:00,49.41666667
20-02-2015 15:00,51.83333333
20-02-2015 16:00,52.45833333
20-02-2015 17:00,42.4
20-02-2015 18:00,38
20-02-2015 19:00,36.65
20-02-2015 20:00,36.6375
20-02-2015 21:00,35
20-02-2015 22:00,29.8825
20-02-2015 23:00,26.06
21-02-2015 00:00,24.9075
21-02-2015 01:00,24.1725
21-02-2015 02:00,23.6025
21-02-2015 03:00,23.69
21-02-2015 04:00,23.9775
21-02-2015 05:00,23.225
21-02-2015 06:00,23.6475
21-02-2015 07:00,25.875
21-02-2015 08:00,27.9875
21-02-2015 09:00,28.395
21-02-2015 10:00,28.955
21-02-2015 11:00,29.525
21-02-2015 12:00,30.34
21-02-2015 13:00,31.485
21-02-2015 14:00,31.7975
21-02-2015 15:00,31.7175
21-02-2015 16:00,32.2975
21-02-2015 17:00,31.705
21-02-2015 18:00,30.1125
21-02-2015 19:00,28.71
21-02-2015 20:00,28.09
21-02-2015 21:00,24.2925
21-02-2015 22:00,22.3475
21-02-2015 23:00,21.6
22-02-2015 00:00,20.1625
22-02-2015 01:00,27.56666667
22-02-2015 02:00,30.46666667
22-02-2015 03:00,27.18333333
22-02-2015 04:00,27.34166667
22-02-2015 05:00,27.13333333
22-02-2015 06:00,30.09166667
22-02-2015 07:00,29.59166667
22-02-2015 08:00,32.46666667
22-02-2015 09:00,31.675
22-02-2015 10:00,31.49166667
22-02-2015 11:00,32.96666667
22-02-2015 12:00,33.41666667
22-02-2015 13:00,33.775
22-02-2015 14:00,35.41666667
22-02-2015 15:00,35.23333333
22-02-2015 16:00,36.58333333
22-02-2015 17:00,39.8
22-02-2015 18:00,34.36666667
22-02-2015 19:00,35.15
22-02-2015 20:00,34.99166667
22-02-2015 21:00,30.00833333
22-02-2015 22:00,29.26666667
22-02-2015 23:00,29.56666667
23-02-2015 00:00,18.125
23-02-2015 01:00,17.23333333
23-02-2015 02:00,20.125
23-02-2015 03:00,17.20833333
23-02-2015 04:00,17.26666667
23-02-2015 05:00,20.725
23-02-2015 06:00,17.325
23-02-2015 07:00,25.43333333
23-02-2015 08:00,38.50833333
23-02-2015 09:00,47.00833333
23-02-2015 10:00,52.6
23-02-2015 11:00,52.15833333
23-02-2015 12:00,53.85833333
23-02-2015 13:00,49.89166667
23-02-2015 14:00,52.90833333
23-02-2015 15:00,52.825
23-02-2015 16:00,47.76666667
23-02-2015 17:00,43.73333333
23-02-2015 18:00,38.13333333
23-02-2015 19:00,39.925
23-02-2015 20:00,40.33333333
23-02-2015 21:00,34.00833333
23-02-2015 22:00,32.90833333
23-02-2015 23:00,27.89166667
24-02-2015 00:00,30.175
24-02-2015 01:00,26.51666667
24-02-2015 02:00,26.41666667
24-02-2015 03:00,29.15833333
24-02-2015 04:00,26.58333333
24-02-2015 05:00,30.26666667
24-02-2015 06:00,29.83333333
24-02-2015 07:00,33.24166667
24-02-2015 08:00,38.89166667
24-02-2015 09:00,49.725
24-02-2015 10:00,51.78333333
24-02-2015 11:00,49.91666667
24-02-2015 12:00,54.10833333
24-02-2015 13:00,53.95
24-02-2015 14:00,57.68333333
24-02-2015 15:00,58.31666667
24-02-2015 16:00,50.64166667
24-02-2015 17:00,44.375
24-02-2015 18:00,43.73333333
24-02-2015 19:00,39.625
24-02-2015 20:00,41.85833333
24-02-2015 21:00,35.06666667
24-02-2015 22:00,32.10833333
24-02-2015 23:00,31.75833333
25-02-2015 00:00,31.35833333
25-02-2015 01:00,31.11666667
25-02-2015 02:00,31.08333333
25-02-2015 03:00,30.95
25-02-2015 04:00,30.55
25-02-2015 05:00,32.39166667
25-02-2015 06:00,31.55833333
25-02-2015 07:00,35.85
25-02-2015 08:00,46.125
25-02-2015 09:00,50.24166667
25-02-2015 10:00,51.275
25-02-2015 11:00,58.4
25-02-2015 12:00,53.98333333
25-02-2015 13:00,52.14166667
25-02-2015 14:00,51.55
25-02-2015 15:00,51.69166667
25-02-2015 16:00,51.50833333
25-02-2015 17:00,44.81666667
25-02-2015 18:00,44.65833333
25-02-2015 19:00,38.96666667
25-02-2015 20:00,42.075
25-02-2015 21:00,34.91666667
25-02-2015 22:00,33.925
25-02-2015 23:00,29.75833333
26-02-2015 00:00,29.10833333
26-02-2015 01:00,28.65833333
26-02-2015 02:00,28.125
26-02-2015 03:00,28.11666667
26-02-2015 04:00,28.06666667
26-02-2015 05:00,28.5
26-02-2015 06:00,30.38333333
26-02-2015 07:00,32.225
26-02-2015 08:00,39.3
26-02-2015 09:00,47.825
26-02-2015 10:00,49.66666667
26-02-2015 11:00,52.03333333
26-02-2015 12:00,51.98333333
26-02-2015 13:00,50.61666667
26-02-2015 14:00,53.15833333
26-02-2015 15:00,49.33333333
26-02-2015 16:00,50.68333333
26-02-2015 17:00,45.575
26-02-2015 18:00,42.23333333
26-02-2015 19:00,38.625
26-02-2015 20:00,38.64166667
26-02-2015 21:00,34.36666667
26-02-2015 22:00,33.575
26-02-2015 23:00,30.4
27-02-2015 00:00,30.14166667
27-02-2015 01:00,29.825
27-02-2015 02:00,29.93333333
27-02-2015 03:00,29.38333333
27-02-2015 04:00,28.95
27-02-2015 05:00,29.525
27-02-2015 06:00,29.16666667
27-02-2015 07:00,35.85
27-02-2015 08:00,38.75833333
27-02-2015 09:00,48
27-02-2015 10:00,47.24166667
27-02-2015 11:00,48.46666667
27-02-2015 12:00,49.38333333
27-02-2015 13:00,55.20833333
27-02-2015 14:00,52.44166667
27-02-2015 15:00,50.98333333
27-02-2015 16:00,50.26666667
27-02-2015 17:00,44.39166667
27-02-2015 18:00,44.31666667
27-02-2015 19:00,38.48333333
27-02-2015 20:00,39.21666667
27-02-2015 21:00,37.71666667
27-02-2015 22:00,33.85
27-02-2015 23:00,29.1
28-02-2015 00:00,28.325
28-02-2015 01:00,30.69166667
28-02-2015 02:00,27.59166667
28-02-2015 03:00,27.375
28-02-2015 04:00,27.51666667
28-02-2015 05:00,27.50833333
28-02-2015 06:00,27.71666667
28-02-2015 07:00,30.60833333
28-02-2015 08:00,34.45833333
28-02-2015 09:00,38.96666667
28-02-2015 10:00,35.88333333
28-02-2015 11:00,37.025
28-02-2015 12:00,38.29166667
28-02-2015 13:00,37.58333333
28-02-2015 14:00,38.1
28-02-2015 15:00,38.425
28-02-2015 16:00,40.34166667
28-02-2015 17:00,47.99166667
28-02-2015 18:00,42.95
28-02-2015 19:00,39.68333333
28-02-2015 20:00,36.69166667
28-02-2015 21:00,32.1
28-02-2015 22:00,31.55833333
28-02-2015 23:00,31.46666667
01-03-2015 0:00,22.64166667
01-03-2015 1:00,25.175
01-03-2015 2:00,21.75
01-03-2015 3:00,21.49166667
01-03-2015 4:00,21.5
01-03-2015 5:00,21.64166667
01-03-2015 6:00,21.6
01-03-2015 7:00,26.63333333
01-03-2015 8:00,25.93333333
01-03-2015 9:00,26.33333333
01-03-2015 10:00,29.125
01-03-2015 11:00,27.96666667
01-03-2015 12:00,27.80833333
01-03-2015 13:00,31.04166667
01-03-2015 14:00,28.65833333
01-03-2015 15:00,29.425
01-03-2015 16:00,31.45
01-03-2015 17:00,27.75
01-03-2015 18:00,27.24166667
01-03-2015 19:00,27.99166667
01-03-2015 20:00,27.7
01-03-2015 21:00,23.14166667
01-03-2015 22:00,22.65833333
01-03-2015 23:00,19.50833333
02-03-2015 0:00,18.96666667
02-03-2015 1:00,21.85833333
02-03-2015 2:00,18.91666667
02-03-2015 3:00,18.925
02-03-2015 4:00,19.325
02-03-2015 5:00,20.58333333
02-03-2015 6:00,25.56666667
02-03-2015 7:00,28.15833333
02-03-2015 8:00,37.78333333
02-03-2015 9:00,42.10833333
02-03-2015 10:00,47.1
02-03-2015 11:00,49.26666667
02-03-2015 12:00,53.54166667
02-03-2015 13:00,54.21666667
02-03-2015 14:00,55.19166667
02-03-2015 15:00,52.05
02-03-2015 16:00,53.44166667
02-03-2015 17:00,46.3
02-03-2015 18:00,44.525
02-03-2015 19:00,40.15833333
02-03-2015 20:00,40.44166667
02-03-2015 21:00,34.53333333
02-03-2015 22:00,27.06666667
02-03-2015 23:00,18.19166667
03-03-2015 0:00,17.54166667
03-03-2015 1:00,17.55
03-03-2015 2:00,17.50833333
03-03-2015 3:00,17.31666667
03-03-2015 4:00,17.33333333
03-03-2015 5:00,22.03333333
03-03-2015 6:00,19
03-03-2015 7:00,25.93333333
03-03-2015 8:00,40.6
03-03-2015 9:00,49.89166667
03-03-2015 10:00,52.08333333
03-03-2015 11:00,54.59166667
03-03-2015 12:00,55.05
03-03-2015 13:00,51.73333333
03-03-2015 14:00,54.6
03-03-2015 15:00,55.41666667
03-03-2015 16:00,49.06666667
03-03-2015 17:00,41.30833333
03-03-2015 18:00,38.275
03-03-2015 19:00,39.525
03-03-2015 20:00,40.61666667
03-03-2015 21:00,37.1
03-03-2015 22:00,27.625
03-03-2015 23:00,24.88333333
04-03-2015 0:00,19.95833333
04-03-2015 1:00,19.025
04-03-2015 2:00,18.95
04-03-2015 3:00,18.8
04-03-2015 4:00,21.73333333
04-03-2015 5:00,20.06666667
04-03-2015 6:00,22.425
04-03-2015 7:00,26.31666667
04-03-2015 8:00,37.31666667
04-03-2015 9:00,50.15
04-03-2015 10:00,54.39166667
04-03-2015 11:00,57.625
04-03-2015 12:00,52.31666667
04-03-2015 13:00,53.525
04-03-2015 14:00,53.10833333
04-03-2015 15:00,52.8
04-03-2015 16:00,48.28333333
04-03-2015 17:00,47.43333333
04-03-2015 18:00,40.10833333
04-03-2015 19:00,40.26666667
04-03-2015 20:00,38.16666667
04-03-2015 21:00,34.40833333
04-03-2015 22:00,33.04166667
04-03-2015 23:00,29.2
05-03-2015 0:00,28.86666667
05-03-2015 1:00,28.16666667
05-03-2015 2:00,31.125
05-03-2015 3:00,28.14166667
05-03-2015 4:00,28.49166667
05-03-2015 5:00,29.18333333
05-03-2015 6:00,31.38333333
05-03-2015 7:00,34.18333333
05-03-2015 8:00,35.55
05-03-2015 9:00,37.73333333
05-03-2015 10:00,41.75
05-03-2015 11:00,40.09166667
05-03-2015 12:00,41.95833333
05-03-2015 13:00,46.375
05-03-2015 14:00,43.875
05-03-2015 15:00,42.35
05-03-2015 16:00,43.11666667
05-03-2015 17:00,38.46666667
05-03-2015 18:00,35.65
05-03-2015 19:00,35.68333333
05-03-2015 20:00,35.85
05-03-2015 21:00,31.35833333
05-03-2015 22:00,30.325
05-03-2015 23:00,27.65833333
06-03-2015 0:00,29.975
06-03-2015 1:00,26.93333333
06-03-2015 2:00,26.80833333
06-03-2015 3:00,26.81666667
06-03-2015 4:00,29.075
06-03-2015 5:00,27.51666667
06-03-2015 6:00,29.15
06-03-2015 7:00,30.25833333
06-03-2015 8:00,35.3
06-03-2015 9:00,42.325
06-03-2015 10:00,43.05833333
06-03-2015 11:00,43.76666667
06-03-2015 12:00,44.98333333
06-03-2015 13:00,43.625
06-03-2015 14:00,42.90833333
06-03-2015 15:00,44.1
06-03-2015 16:00,43.55833333
06-03-2015 17:00,39.46666667
06-03-2015 18:00,35.73333333
06-03-2015 19:00,38.03333333
06-03-2015 20:00,35.79166667
06-03-2015 21:00,33.80833333
06-03-2015 22:00,30.35833333
06-03-2015 23:00,28.68333333
07-03-2015 0:00,22.76666667
07-03-2015 1:00,18.99166667
07-03-2015 2:00,18.70833333
07-03-2015 3:00,18.73333333
07-03-2015 4:00,18.69166667
07-03-2015 5:00,18.68333333
07-03-2015 6:00,21.91666667
07-03-2015 7:00,22.3
07-03-2015 8:00,25.04166667
07-03-2015 9:00,24.025
07-03-2015 10:00,25.18333333
07-03-2015 11:00,26.54166667
07-03-2015 12:00,26.79166667
07-03-2015 13:00,27.10833333
07-03-2015 14:00,27.75833333
07-03-2015 15:00,27.7
07-03-2015 16:00,27.925
07-03-2015 17:00,26.91666667
07-03-2015 18:00,26.08333333
07-03-2015 19:00,26.15
07-03-2015 20:00,25.48333333
07-03-2015 21:00,21.2
07-03-2015 22:00,20.625
07-03-2015 23:00,20.91666667
08-03-2015 0:00,20.88333333
08-03-2015 1:00,23.875
08-03-2015 3:00,19.9675
08-03-2015 4:00,20.48333333
08-03-2015 5:00,23.45
08-03-2015 6:00,20.33333333
08-03-2015 7:00,23.29166667
08-03-2015 8:00,29.34166667
08-03-2015 9:00,26.325
08-03-2015 10:00,25.91666667
08-03-2015 11:00,28.5
08-03-2015 12:00,26.90833333
08-03-2015 13:00,27.60833333
08-03-2015 14:00,28.325
08-03-2015 15:00,28.78333333
08-03-2015 16:00,28.83333333
08-03-2015 17:00,30.75833333
08-03-2015 18:00,26.06666667
08-03-2015 19:00,26.60833333
08-03-2015 20:00,26.56666667
08-03-2015 21:00,22.19166667
08-03-2015 22:00,20.775
08-03-2015 23:00,21.28333333
09-03-2015 0:00,18.30833333
09-03-2015 1:00,18.35
09-03-2015 2:00,18.225
09-03-2015 3:00,21.06666667
09-03-2015 4:00,18.21666667
09-03-2015 5:00,18.625
09-03-2015 6:00,18.725
09-03-2015 7:00,24.8
09-03-2015 8:00,36.55
09-03-2015 9:00,46.28333333
09-03-2015 10:00,48.76666667
09-03-2015 11:00,48.975
09-03-2015 12:00,50.025
09-03-2015 13:00,50.825
09-03-2015 14:00,48.575
09-03-2015 15:00,49.11666667
09-03-2015 16:00,46.26666667
09-03-2015 17:00,41.66666667
09-03-2015 18:00,39.80833333
09-03-2015 19:00,37.4
09-03-2015 20:00,37.35
09-03-2015 21:00,32.50833333
09-03-2015 22:00,25.65833333
09-03-2015 23:00,16.20833333
10-03-2015 0:00,15.65
10-03-2015 1:00,15.625
10-03-2015 2:00,18.29166667
10-03-2015 3:00,15.04166667
10-03-2015 4:00,15.10833333
10-03-2015 5:00,19.00833333
10-03-2015 6:00,18.275
10-03-2015 7:00,16.825
10-03-2015 8:00,35.35833333
10-03-2015 9:00,47.19166667
10-03-2015 10:00,46.98333333
10-03-2015 11:00,51.05
10-03-2015 12:00,53.05833333
10-03-2015 13:00,47.6
10-03-2015 14:00,53.25833333
10-03-2015 15:00,50.08333333
10-03-2015 16:00,47.83333333
10-03-2015 17:00,44.6
10-03-2015 18:00,38.775
10-03-2015 19:00,37.81666667
10-03-2015 20:00,42.15
10-03-2015 21:00,34.725
10-03-2015 22:00,27.90833333
10-03-2015 23:00,23.175
11-03-2015 0:00,22.875
11-03-2015 1:00,20.99166667
11-03-2015 2:00,19.65
11-03-2015 3:00,19.83333333
11-03-2015 4:00,19.64166667
11-03-2015 5:00,23.16666667
11-03-2015 6:00,20.34166667
11-03-2015 7:00,23.3
11-03-2015 8:00,37.19166667
11-03-2015 9:00,46.075
11-03-2015 10:00,50.41666667
11-03-2015 11:00,53.88333333
11-03-2015 12:00,50.225
11-03-2015 13:00,51.725
11-03-2015 14:00,47.275
11-03-2015 15:00,50.23333333
11-03-2015 16:00,49.74166667
11-03-2015 17:00,40.59166667
11-03-2015 18:00,38.9
11-03-2015 19:00,37.18333333
11-03-2015 20:00,37.89166667
11-03-2015 21:00,33.375
11-03-2015 22:00,23.775
11-03-2015 23:00,18.675
12-03-2015 0:00,18.35
12-03-2015 1:00,17.91666667
12-03-2015 2:00,17.88333333
12-03-2015 3:00,17.41666667
12-03-2015 4:00,17.28333333
12-03-2015 5:00,17.45
12-03-2015 6:00,19.6
12-03-2015 7:00,20.33333333
12-03-2015 8:00,34.61666667
12-03-2015 9:00,45.325
12-03-2015 10:00,46.71666667
12-03-2015 11:00,47.475
12-03-2015 12:00,47.475
12-03-2015 13:00,47.48333333
12-03-2015 14:00,49.56666667
12-03-2015 15:00,45.09166667
12-03-2015 16:00,47.7
12-03-2015 17:00,43.45
12-03-2015 18:00,39.05833333
12-03-2015 19:00,40.70833333
12-03-2015 20:00,40.16666667
12-03-2015 21:00,37.1
12-03-2015 22:00,21.19166667
12-03-2015 23:00,16.6
13-03-2015 00:00,16.20833333
13-03-2015 01:00,19.325
13-03-2015 02:00,16.35833333
13-03-2015 03:00,16
13-03-2015 04:00,19.11666667
13-03-2015 05:00,15.90833333
13-03-2015 06:00,16.46666667
13-03-2015 07:00,23.03333333
13-03-2015 08:00,33.575
13-03-2015 09:00,43.7
13-03-2015 10:00,44.975
13-03-2015 11:00,48.15833333
13-03-2015 12:00,49.725
13-03-2015 13:00,45.34166667
13-03-2015 14:00,48.74166667
13-03-2015 15:00,48.44166667
13-03-2015 16:00,45.24166667
13-03-2015 17:00,34.04166667
13-03-2015 18:00,30.125
13-03-2015 19:00,29.25833333
13-03-2015 20:00,32.36666667
13-03-2015 21:00,25.66666667
13-03-2015 22:00,15.775
13-03-2015 23:00,14.95833333
14-03-2015 00:00,18.075
14-03-2015 01:00,15.49166667
14-03-2015 02:00,15.525
14-03-2015 03:00,15.26666667
14-03-2015 04:00,15.45833333
14-03-2015 05:00,15.225
14-03-2015 06:00,14.93333333
14-03-2015 07:00,20.49166667
14-03-2015 08:00,19.65833333
14-03-2015 09:00,19.8
14-03-2015 10:00,22.84166667
14-03-2015 11:00,21.29166667
14-03-2015 12:00,21.33333333
14-03-2015 13:00,21.48333333
14-03-2015 14:00,21.55
14-03-2015 15:00,21.825
14-03-2015 16:00,24.6
14-03-2015 17:00,21.18333333
14-03-2015 18:00,20.68333333
14-03-2015 19:00,20.95833333
14-03-2015 20:00,23.38333333
14-03-2015 21:00,16.11666667
14-03-2015 22:00,15.80833333
14-03-2015 23:00,18.73333333
15-03-2015 00:00,15.80833333
15-03-2015 01:00,16.04166667
15-03-2015 02:00,16.13333333
15-03-2015 03:00,15.90833333
15-03-2015 04:00,15.69166667
15-03-2015 05:00,15.575
15-03-2015 06:00,15.5
15-03-2015 07:00,17.7
15-03-2015 08:00,20.04166667
15-03-2015 09:00,20.26666667
15-03-2015 10:00,20.85833333
15-03-2015 11:00,21.54166667
15-03-2015 12:00,21.31666667
15-03-2015 13:00,21.08333333
15-03-2015 14:00,21.05
15-03-2015 15:00,21.03333333
15-03-2015 16:00,21.85
15-03-2015 17:00,24.575
15-03-2015 18:00,20.26666667
15-03-2015 19:00,20.025
15-03-2015 20:00,22.96666667
15-03-2015 21:00,16.05
15-03-2015 22:00,15.375
15-03-2015 23:00,15.25833333
16-03-2015 00:00,15.25
16-03-2015 01:00,15.25
16-03-2015 02:00,15.56666667
16-03-2015 03:00,15.39166667
16-03-2015 04:00,15.21666667
16-03-2015 05:00,16.21666667
16-03-2015 06:00,15.75
16-03-2015 07:00,23.06666667
16-03-2015 08:00,34.79166667
16-03-2015 09:00,40.29166667
16-03-2015 10:00,41.95
16-03-2015 11:00,42.91666667
16-03-2015 12:00,39.44166667
16-03-2015 13:00,39.70833333
16-03-2015 14:00,45.31666667
16-03-2015 15:00,42.00833333
16-03-2015 16:00,39.90833333
16-03-2015 17:00,37.46666667
16-03-2015 18:00,33.1
16-03-2015 19:00,32.625
16-03-2015 20:00,31.85
16-03-2015 21:00,27.5
16-03-2015 22:00,18.21666667
16-03-2015 23:00,20.425
17-03-2015 00:00,17.475
17-03-2015 01:00,17.49166667
17-03-2015 02:00,17.425
17-03-2015 03:00,17.30833333
17-03-2015 04:00,17.06666667
17-03-2015 05:00,20.20833333
17-03-2015 06:00,20.36666667
17-03-2015 07:00,21.94166667
17-03-2015 08:00,34.81666667
17-03-2015 09:00,42.03333333
17-03-2015 10:00,42.35833333
17-03-2015 11:00,42.30833333
17-03-2015 12:00,45.075
17-03-2015 13:00,43.34166667
17-03-2015 14:00,40.68333333
17-03-2015 15:00,39.91666667
17-03-2015 16:00,40.20833333
17-03-2015 17:00,35.85
17-03-2015 18:00,31.025
17-03-2015 19:00,32.70833333
17-03-2015 20:00,35.63333333
17-03-2015 21:00,28.825
17-03-2015 22:00,18
17-03-2015 23:00,15.89166667
18-03-2015 00:00,15.88333333
18-03-2015 01:00,15.825
18-03-2015 02:00,15.88333333
18-03-2015 03:00,15.73333333
18-03-2015 04:00,15.65
18-03-2015 05:00,18.85833333
18-03-2015 06:00,18.875
18-03-2015 07:00,22.58333333
18-03-2015 08:00,33.93333333
18-03-2015 09:00,43.44166667
18-03-2015 10:00,42.03333333
18-03-2015 11:00,44.64166667
18-03-2015 12:00,41.70833333
18-03-2015 13:00,42.30833333
18-03-2015 14:00,46.96666667
18-03-2015 15:00,44.625
18-03-2015 16:00,43.25833333
18-03-2015 17:00,35.66666667
18-03-2015 18:00,32.925
18-03-2015 19:00,30.55
18-03-2015 20:00,30.06666667
18-03-2015 21:00,26.01666667
18-03-2015 22:00,19.45
18-03-2015 23:00,15.65833333
19-03-2015 00:00,15.825
19-03-2015 01:00,18.475
19-03-2015 02:00,15.49166667
19-03-2015 03:00,15.44166667
19-03-2015 04:00,18.425
19-03-2015 05:00,18.43333333
19-03-2015 06:00,19.15
19-03-2015 07:00,19.95
19-03-2015 08:00,33.65
19-03-2015 09:00,41.55
19-03-2015 10:00,44.80833333
19-03-2015 11:00,41.99166667
19-03-2015 12:00,41.90833333
19-03-2015 13:00,45.61666667
19-03-2015 14:00,42.89166667
19-03-2015 15:00,38.55
19-03-2015 16:00,42.55833333
19-03-2015 17:00,32.53333333
19-03-2015 18:00,32.21666667
19-03-2015 19:00,32.075
19-03-2015 20:00,34.46666667
19-03-2015 21:00,27.75
19-03-2015 22:00,17.6
19-03-2015 23:00,20.20833333
20-03-2015 00:00,17.23333333
20-03-2015 01:00,17.23333333
20-03-2015 02:00,19.18333333
20-03-2015 03:00,16.55833333
20-03-2015 04:00,15.225
20-03-2015 05:00,15.36666667
20-03-2015 06:00,15.78333333
20-03-2015 07:00,19.125
20-03-2015 08:00,34.35833333
20-03-2015 09:00,43.64166667
20-03-2015 10:00,41.36666667
20-03-2015 11:00,42.18333333
20-03-2015 12:00,45.50833333
20-03-2015 13:00,44.85833333
20-03-2015 14:00,41.83333333
20-03-2015 15:00,42.55
20-03-2015 16:00,42.33333333
20-03-2015 17:00,34.49166667
20-03-2015 18:00,29.64166667
20-03-2015 19:00,29.425
20-03-2015 20:00,29.29166667
20-03-2015 21:00,25.20833333
20-03-2015 22:00,18.325
20-03-2015 23:00,14.69166667
21-03-2015 00:00,14.65833333
21-03-2015 01:00,14.575
21-03-2015 02:00,17.40833333
21-03-2015 03:00,14.4
21-03-2015 04:00,14.4
21-03-2015 05:00,14.34166667
21-03-2015 06:00,14.45
21-03-2015 07:00,17.175
21-03-2015 08:00,20.04166667
21-03-2015 09:00,23.85833333
21-03-2015 10:00,22.75
21-03-2015 11:00,22.41666667
21-03-2015 12:00,23.425
21-03-2015 13:00,22.625
21-03-2015 14:00,22.31666667
21-03-2015 15:00,20.94166667
21-03-2015 16:00,23.9
21-03-2015 17:00,21.05
21-03-2015 18:00,19.85
21-03-2015 19:00,19.90833333
21-03-2015 20:00,19.76666667
21-03-2015 21:00,15.71666667
21-03-2015 22:00,18.20833333
21-03-2015 23:00,15.1
22-03-2015 00:00,15.175
22-03-2015 01:00,15.30833333
22-03-2015 02:00,15.275
22-03-2015 03:00,17.79166667
22-03-2015 04:00,14.80833333
22-03-2015 05:00,14.925
22-03-2015 06:00,17.86666667
22-03-2015 07:00,17.30833333
22-03-2015 08:00,19.66666667
22-03-2015 09:00,19.375
22-03-2015 10:00,23.05833333
22-03-2015 11:00,20.48333333
22-03-2015 12:00,20.875
22-03-2015 13:00,21.91666667
22-03-2015 14:00,24.81666667
22-03-2015 15:00,25.575
22-03-2015 16:00,25.45
22-03-2015 17:00,25.10833333
22-03-2015 18:00,23.95833333
22-03-2015 19:00,24.3
22-03-2015 20:00,24.26666667
22-03-2015 21:00,20.29166667
22-03-2015 22:00,22.8
22-03-2015 23:00,15.75833333
23-03-2015 00:00,15.8
23-03-2015 01:00,18.725
23-03-2015 02:00,15.96666667
23-03-2015 03:00,16.05
23-03-2015 04:00,15.73333333
23-03-2015 05:00,19.475
23-03-2015 06:00,18.35
23-03-2015 07:00,22.68333333
23-03-2015 08:00,36.01666667
23-03-2015 09:00,47.26666667
23-03-2015 10:00,46.36666667
23-03-2015 11:00,49.85833333
23-03-2015 12:00,46.50833333
23-03-2015 13:00,49.63333333
23-03-2015 14:00,48.975
23-03-2015 15:00,45.15833333
23-03-2015 16:00,46.6
23-03-2015 17:00,43.9
23-03-2015 18:00,39.225
23-03-2015 19:00,40.075
23-03-2015 20:00,38.95
23-03-2015 21:00,34.09166667
23-03-2015 22:00,23.08333333
23-03-2015 23:00,16.80833333
24-03-2015 00:00,17
24-03-2015 01:00,19.1
24-03-2015 02:00,15.15
24-03-2015 03:00,15.01666667
24-03-2015 04:00,15.3
24-03-2015 05:00,19.675
24-03-2015 06:00,18.91666667
24-03-2015 07:00,18.71666667
24-03-2015 08:00,35.29166667
24-03-2015 09:00,50.025
24-03-2015 10:00,52.70833333
24-03-2015 11:00,51.66666667
24-03-2015 12:00,52.13333333
24-03-2015 13:00,52.34166667
24-03-2015 14:00,54.55833333
24-03-2015 15:00,55.49166667
24-03-2015 16:00,52.55833333
24-03-2015 17:00,47.03333333
24-03-2015 18:00,39.85
24-03-2015 19:00,42.98333333
24-03-2015 20:00,39.60833333
24-03-2015 21:00,34.725
24-03-2015 22:00,24.55
24-03-2015 23:00,20.81666667
25-03-2015 00:00,23.31666667
25-03-2015 01:00,19.83333333
25-03-2015 02:00,19.775
25-03-2015 03:00,22.41666667
25-03-2015 04:00,18.84166667
25-03-2015 05:00,20.06666667
25-03-2015 06:00,22.80833333
25-03-2015 07:00,23.31666667
25-03-2015 08:00,42.25
25-03-2015 09:00,46.5
25-03-2015 10:00,50.61666667
25-03-2015 11:00,54.675
25-03-2015 12:00,55.00833333
25-03-2015 13:00,49.35
25-03-2015 14:00,52.98333333
25-03-2015 15:00,50.36666667
25-03-2015 16:00,46.66666667
25-03-2015 17:00,42.55
25-03-2015 18:00,39.89166667
25-03-2015 19:00,39.44166667
25-03-2015 20:00,41
25-03-2015 21:00,36.08333333
25-03-2015 22:00,25.45833333
25-03-2015 23:00,19.75833333
26-03-2015 00:00,19.30833333
26-03-2015 01:00,21.68333333
26-03-2015 02:00,18.84166667
26-03-2015 03:00,18.74166667
26-03-2015 04:00,18.51666667
26-03-2015 05:00,19.04166667
26-03-2015 06:00,22.23333333
26-03-2015 07:00,23.84166667
26-03-2015 08:00,38.14166667
26-03-2015 09:00,36.08181818
26-03-2015 10:00,44.61666667
26-03-2015 11:00,51.4
26-03-2015 12:00,49.91666667
26-03-2015 13:00,51.925
26-03-2015 14:00,47.925
26-03-2015 15:00,52.35
26-03-2015 16:00,52.41666667
26-03-2015 17:00,42.825
26-03-2015 18:00,41.83333333
26-03-2015 19:00,38.14166667
26-03-2015 20:00,39.05833333
26-03-2015 21:00,34.025
26-03-2015 22:00,23.58333333
26-03-2015 23:00,19.24166667
27-03-2015 00:00,18.76666667
27-03-2015 01:00,20.75833333
27-03-2015 02:00,17.825
27-03-2015 03:00,17.83333333
27-03-2015 04:00,20.85833333
27-03-2015 05:00,18.73333333
27-03-2015 06:00,20.84166667
27-03-2015 07:00,21.94166667
27-03-2015 08:00,38.48333333
27-03-2015 09:00,46.30833333
27-03-2015 10:00,45.125
27-03-2015 11:00,49.08333333
27-03-2015 12:00,47.39166667
27-03-2015 13:00,43.2
27-03-2015 14:00,46.41666667
27-03-2015 15:00,44.775
27-03-2015 16:00,47.81666667
27-03-2015 17:00,44.93333333
27-03-2015 18:00,37.69166667
27-03-2015 19:00,37.30833333
27-03-2015 20:00,38.74166667
27-03-2015 21:00,37.01666667
27-03-2015 22:00,38.55
27-03-2015 23:00,33.575
28-03-2015 00:00,21.85
28-03-2015 01:00,18.70833333
28-03-2015 02:00,18.275
28-03-2015 03:00,20.925
28-03-2015 04:00,17.93333333
28-03-2015 05:00,26.91666667
28-03-2015 06:00,32.5
28-03-2015 07:00,32.96666667
28-03-2015 08:00,33.10833333
28-03-2015 09:00,37.01666667
28-03-2015 10:00,37.83333333
28-03-2015 11:00,39.225
28-03-2015 12:00,41.04166667
28-03-2015 13:00,40.875
28-03-2015 14:00,39.33333333
28-03-2015 15:00,41.45833333
28-03-2015 16:00,38.65
28-03-2015 17:00,35.275
28-03-2015 18:00,36.80833333
28-03-2015 19:00,34.10833333
28-03-2015 20:00,33.575
28-03-2015 21:00,20.70833333
28-03-2015 22:00,19.54166667
28-03-2015 23:00,19.725
29-03-2015 00:00,21.65833333
29-03-2015 01:00,18.96666667
29-03-2015 02:00,18.78333333
29-03-2015 03:00,18.46666667
29-03-2015 04:00,18.45833333
29-03-2015 05:00,18.34166667
29-03-2015 06:00,18.26666667
29-03-2015 07:00,24.575
29-03-2015 08:00,24.925
29-03-2015 09:00,24.80833333
29-03-2015 10:00,24.25833333
29-03-2015 11:00,25.025
29-03-2015 12:00,25.06666667
29-03-2015 13:00,27.68333333
29-03-2015 14:00,24.55833333
29-03-2015 15:00,24.625
29-03-2015 16:00,25.74166667
29-03-2015 17:00,25.78333333
29-03-2015 18:00,24.05
29-03-2015 19:00,24.05
29-03-2015 20:00,24.38333333
29-03-2015 21:00,19.15
29-03-2015 22:00,18.025
29-03-2015 23:00,18.85833333
30-03-2015 00:00,15.675
30-03-2015 01:00,15.76666667
30-03-2015 02:00,18.50833333
30-03-2015 03:00,15.83333333
30-03-2015 04:00,16.19166667
30-03-2015 05:00,20.14166667
30-03-2015 06:00,19.33333333
30-03-2015 07:00,20.45833333
30-03-2015 08:00,39.05833333
30-03-2015 09:00,46.58333333
30-03-2015 10:00,55.275
30-03-2015 11:00,56.35
30-03-2015 12:00,53.10833333
30-03-2015 13:00,56.3
30-03-2015 14:00,50.86666667
30-03-2015 15:00,55.54166667
30-03-2015 16:00,47.58333333
30-03-2015 17:00,45.83333333
30-03-2015 18:00,37.00833333
30-03-2015 19:00,38.63333333
30-03-2015 20:00,39.48333333
30-03-2015 21:00,33.34166667
30-03-2015 22:00,23.56666667
30-03-2015 23:00,20.15
31-03-2015 00:00,16.48333333
31-03-2015 01:00,15.93333333
31-03-2015 02:00,15.41666667
31-03-2015 03:00,18.15
31-03-2015 04:00,15.53333333
31-03-2015 05:00,17.24166667
31-03-2015 06:00,24.175
31-03-2015 07:00,20.06666667
31-03-2015 08:00,37.1
31-03-2015 09:00,43.43333333
31-03-2015 10:00,45.78333333
31-03-2015 11:00,45.225
31-03-2015 12:00,51.91666667
31-03-2015 13:00,51.63333333
31-03-2015 14:00,52.6
31-03-2015 15:00,48.96923077
31-03-2015 16:00,52.63333333
31-03-2015 17:00,44.25
31-03-2015 18:00,39.74166667
31-03-2015 19:00,40.25
31-03-2015 20:00,41.49166667
31-03-2015 21:00,34.34166667
31-03-2015 22:00,24.11666667
31-03-2015 23:00,22.15
01-04-2015 0:00,20.41666667