timestamp,Office_Conrad
01-01-2015 0:00,7.025000095
01-01-2015 1:00,6.974999905
01-01-2015 2:00,7
01-01-2015 3:00,7.5
01-01-2015 4:00,6.275000095
01-01-2015 5:00,7.75
01-01-2015 6:00,5.574999809
01-01-2015 7:00,6.5
01-01-2015 8:00,7.724999905
01-01-2015 9:00,8
01-01-2015 10:00,10.19999981
01-01-2015 11:00,8.125
01-01-2015 12:00,5.724999905
01-01-2015 13:00,6.449999809
01-01-2015 14:00,7.25
01-01-2015 15:00,5.525000095
01-01-2015 16:00,6.525000095
01-01-2015 17:00,6.550000191
01-01-2015 18:00,6.824999809
01-01-2015 19:00,7.149999619
01-01-2015 20:00,6.75
01-01-2015 21:00,6.550000191
01-01-2015 22:00,6.574999809
01-01-2015 23:00,8.524999619
02-01-2015 0:00,6.125
02-01-2015 1:00,6.775000095
02-01-2015 2:00,6.300000191
02-01-2015 3:00,7.925000191
02-01-2015 4:00,5.775000095
02-01-2015 5:00,6.900000095
02-01-2015 6:00,7.074999809
02-01-2015 7:00,7.650000095
02-01-2015 8:00,8.175000191
02-01-2015 9:00,8.725000381
02-01-2015 10:00,7.025000095
02-01-2015 11:00,8.949999809
02-01-2015 12:00,9.324999809
02-01-2015 13:00,9.449999809
02-01-2015 14:00,8.225000381
02-01-2015 15:00,10.72500038
02-01-2015 16:00,10.89999962
02-01-2015 17:00,12.02499962
02-01-2015 18:00,7.800000191
02-01-2015 19:00,5.974999905
02-01-2015 20:00,7.25
02-01-2015 21:00,6.400000095
02-01-2015 22:00,7.449999809
02-01-2015 23:00,7.150000095
03-01-2015 0:00,7.949999809
03-01-2015 1:00,7.399999619
03-01-2015 2:00,7.199999809
03-01-2015 3:00,7.099999905
03-01-2015 4:00,7.275000095
03-01-2015 5:00,6.125
03-01-2015 6:00,7.649999619
03-01-2015 7:00,6.599999905
03-01-2015 8:00,7.800000191
03-01-2015 9:00,5.650000095
03-01-2015 10:00,6.724999905
03-01-2015 11:00,8.824999809
03-01-2015 12:00,11.14999962
03-01-2015 13:00,11.25
03-01-2015 14:00,6.324999809
03-01-2015 15:00,6.800000191
03-01-2015 16:00,6.074999809
03-01-2015 17:00,6.575000286
03-01-2015 18:00,6.599999905
03-01-2015 19:00,6.724999905
03-01-2015 20:00,6.625
03-01-2015 21:00,6.775000095
03-01-2015 22:00,6.925000191
03-01-2015 23:00,7.150000095
04-01-2015 0:00,5.949999809
04-01-2015 1:00,6.800000191
04-01-2015 2:00,6.625
04-01-2015 3:00,6.650000095
04-01-2015 4:00,6.099999905
04-01-2015 5:00,5.75
04-01-2015 6:00,6.525000095
04-01-2015 7:00,5.349999905
04-01-2015 8:00,5.400000095
04-01-2015 9:00,6.675000191
04-01-2015 10:00,5.050000191
04-01-2015 11:00,4.849999905
04-01-2015 12:00,5.875
04-01-2015 13:00,4.849999905
04-01-2015 14:00,5.074999809
04-01-2015 15:00,4.5
04-01-2015 16:00,4.474999905
04-01-2015 17:00,4.875
04-01-2015 18:00,6.224999905
04-01-2015 19:00,6.375
04-01-2015 20:00,4.849999905
04-01-2015 21:00,6.5
04-01-2015 22:00,5.474999905
04-01-2015 23:00,5.900000095
05-01-2015 0:00,5.375
05-01-2015 1:00,5.75
05-01-2015 2:00,5.925000191
05-01-2015 3:00,6.275000095
05-01-2015 4:00,7.949999809
05-01-2015 5:00,7.125
05-01-2015 6:00,8.225000381
05-01-2015 7:00,8.850000381
05-01-2015 8:00,13.14999962
05-01-2015 9:00,13.17500019
05-01-2015 10:00,12.17500019
05-01-2015 11:00,13.05000019
05-01-2015 12:00,11
05-01-2015 13:00,14
05-01-2015 14:00,13.875
05-01-2015 15:00,14.39999962
05-01-2015 16:00,10.67500019
05-01-2015 17:00,8.700000763
05-01-2015 18:00,8.274999619
05-01-2015 19:00,9.149999619
05-01-2015 20:00,8.574999809
05-01-2015 21:00,8.074999809
05-01-2015 22:00,8.199999809
05-01-2015 23:00,7.774999619
06-01-2015 0:00,7.774999619
06-01-2015 1:00,8.599999428
06-01-2015 2:00,7.5
06-01-2015 3:00,7.900000095
06-01-2015 4:00,7.725000381
06-01-2015 5:00,9.074999809
06-01-2015 6:00,8.5
06-01-2015 7:00,11.05000019
06-01-2015 8:00,13.14999962
06-01-2015 9:00,14.07499981
06-01-2015 10:00,12.375
06-01-2015 11:00,12.69999981
06-01-2015 12:00,11.47499943
06-01-2015 13:00,10.10000038
06-01-2015 14:00,10.10000038
06-01-2015 15:00,12.25
06-01-2015 16:00,10.5
06-01-2015 17:00,8.5
06-01-2015 18:00,7.224999905
06-01-2015 19:00,9
06-01-2015 20:00,7.574999809
06-01-2015 21:00,8.100000381
06-01-2015 22:00,7.775000095
06-01-2015 23:00,7.25
07-01-2015 0:00,8.725000381
07-01-2015 1:00,7.774999619
07-01-2015 2:00,6.949999809
07-01-2015 3:00,8.625
07-01-2015 4:00,7.599999905
07-01-2015 5:00,8.399999619
07-01-2015 6:00,8.550000191
07-01-2015 7:00,8.925000191
07-01-2015 8:00,9.949999809
07-01-2015 9:00,12.97500038
07-01-2015 10:00,12.55000019
07-01-2015 11:00,14.19999981
07-01-2015 12:00,11.77499962
07-01-2015 13:00,12.72500038
07-01-2015 14:00,14.35000038
07-01-2015 15:00,12.64999962
07-01-2015 16:00,10.14999962
07-01-2015 17:00,10.22500038
07-01-2015 18:00,9.574999809
07-01-2015 19:00,10.42500019
07-01-2015 20:00,10.04999924
07-01-2015 21:00,8.800000191
07-01-2015 22:00,7.925000191
07-01-2015 23:00,9.350000381
08-01-2015 0:00,9.324999809
08-01-2015 1:00,9.925000191
08-01-2015 2:00,9.274999619
08-01-2015 3:00,8.574999809
08-01-2015 4:00,9.125
08-01-2015 5:00,8.625
08-01-2015 6:00,9.074999809
08-01-2015 7:00,10.25
08-01-2015 8:00,12.625
08-01-2015 9:00,15.10000038
08-01-2015 10:00,15.77499962
08-01-2015 11:00,13.69999981
08-01-2015 12:00,13.39999962
08-01-2015 13:00,12.72500038
08-01-2015 14:00,15.57499981
08-01-2015 15:00,13.82500076
08-01-2015 16:00,11.85000038
08-01-2015 17:00,10.14999962
08-01-2015 18:00,9.024999619
08-01-2015 19:00,9.175000191
08-01-2015 20:00,8
08-01-2015 21:00,8.5
08-01-2015 22:00,9.300000191
08-01-2015 23:00,7.650000095
09-01-2015 0:00,6.900000095
09-01-2015 1:00,7.775000095
09-01-2015 2:00,7.925000191
09-01-2015 3:00,7.525000095
09-01-2015 4:00,7.924999714
09-01-2015 5:00,8.675000191
09-01-2015 6:00,8.050000191
09-01-2015 7:00,9.375
09-01-2015 8:00,13.05000019
09-01-2015 9:00,15.375
09-01-2015 10:00,13.94999981
09-01-2015 11:00,13.05000019
09-01-2015 12:00,13.77499962
09-01-2015 13:00,12.625
09-01-2015 14:00,14.39999962
09-01-2015 15:00,12.72500038
09-01-2015 16:00,11.32499981
09-01-2015 17:00,8.949999809
09-01-2015 18:00,9.350000381
09-01-2015 19:00,9.450000763
09-01-2015 20:00,7.25
09-01-2015 21:00,9.199999809
09-01-2015 22:00,8.399999619
09-01-2015 23:00,8.725000381
10-01-2015 0:00,7.724999905
10-01-2015 1:00,8.300000191
10-01-2015 2:00,7.599999905
10-01-2015 3:00,8.149999619
10-01-2015 4:00,8.425000191
10-01-2015 5:00,8.774999619
10-01-2015 6:00,9
10-01-2015 7:00,8.024999619
10-01-2015 8:00,8.274999619
10-01-2015 9:00,8.5
10-01-2015 10:00,8.175000191
10-01-2015 11:00,6.824999809
10-01-2015 12:00,7.699999809
10-01-2015 13:00,8.899999619
10-01-2015 14:00,7.674999714
10-01-2015 15:00,6.199999809
10-01-2015 16:00,8.074999809
10-01-2015 17:00,8.324999809
10-01-2015 18:00,7.850000381
10-01-2015 19:00,7.824999809
10-01-2015 20:00,8.074999809
10-01-2015 21:00,8.600000381
10-01-2015 22:00,7.474999905
10-01-2015 23:00,8.25
11-01-2015 0:00,7.800000191
11-01-2015 1:00,7.599999905
11-01-2015 2:00,7.5
11-01-2015 3:00,7.75
11-01-2015 4:00,7.975000381
11-01-2015 5:00,8.149999619
11-01-2015 6:00,7.175000191
11-01-2015 7:00,8.024999619
11-01-2015 8:00,8.5
11-01-2015 9:00,5.775000095
11-01-2015 10:00,6.099999905
11-01-2015 11:00,7.199999809
11-01-2015 12:00,7.699999809
11-01-2015 13:00,7.25
11-01-2015 14:00,7.299999714
11-01-2015 15:00,6.050000191
11-01-2015 16:00,8.050000191
11-01-2015 17:00,7.125
11-01-2015 18:00,7.549999714
11-01-2015 19:00,6.849999905
11-01-2015 20:00,7.225000381
11-01-2015 21:00,7.275000095
11-01-2015 22:00,6.474999905
11-01-2015 23:00,6.949999809
12-01-2015 0:00,6.449999809
12-01-2015 1:00,7.400000095
12-01-2015 2:00,6.150000095
12-01-2015 3:00,7.699999809
12-01-2015 4:00,6.849999905
12-01-2015 5:00,8.175000191
12-01-2015 6:00,9.024999619
12-01-2015 7:00,8.925000191
12-01-2015 8:00,11.22500038
12-01-2015 9:00,12.77499962
12-01-2015 10:00,12.97500038
12-01-2015 11:00,12.77499962
12-01-2015 12:00,12.67500019
12-01-2015 13:00,11.22499943
12-01-2015 14:00,12.75
12-01-2015 15:00,11.19999981
12-01-2015 16:00,9.5
12-01-2015 17:00,10.05000019
12-01-2015 18:00,8.25
12-01-2015 19:00,8.25
12-01-2015 20:00,8.050000191
12-01-2015 21:00,7.650000095
12-01-2015 22:00,8.524999619
12-01-2015 23:00,7.824999809
13-01-2015 00:00,8.024999619
13-01-2015 01:00,6.375
13-01-2015 02:00,9.725000381
13-01-2015 03:00,7.199999809
13-01-2015 04:00,8.324999809
13-01-2015 05:00,8.675000191
13-01-2015 06:00,8.574999809
13-01-2015 07:00,10.17500019
13-01-2015 08:00,10.77499962
13-01-2015 09:00,15.60000038
13-01-2015 10:00,14.32499981
13-01-2015 11:00,15.42500019
13-01-2015 12:00,11.20000076
13-01-2015 13:00,13.625
13-01-2015 14:00,11.44999981
13-01-2015 15:00,12.82499981
13-01-2015 16:00,11.30000019
13-01-2015 17:00,10.125
13-01-2015 18:00,9.300000191
13-01-2015 19:00,10.14999962
13-01-2015 20:00,8.649999619
13-01-2015 21:00,9.824999809
13-01-2015 22:00,9.425000191
13-01-2015 23:00,9.625
14-01-2015 00:00,8.524999619
14-01-2015 01:00,10.19999981
14-01-2015 02:00,8.774999619
14-01-2015 03:00,8.649999619
14-01-2015 04:00,9.75
14-01-2015 05:00,9.75
14-01-2015 06:00,9.949999809
14-01-2015 07:00,11.89999962
14-01-2015 08:00,13.875
14-01-2015 09:00,14.045
14-01-2015 10:00,14.75
14-01-2015 11:00,13.92500019
14-01-2015 12:00,12.69999981
14-01-2015 13:00,11.72499943
14-01-2015 14:00,15.125
14-01-2015 15:00,13.89999962
14-01-2015 16:00,12.05000019
14-01-2015 17:00,9.899999619
14-01-2015 18:00,9.449999809
14-01-2015 19:00,10.44999981
14-01-2015 20:00,14.875
14-01-2015 21:00,11.75
14-01-2015 22:00,13.35000038
14-01-2015 23:00,9.475000381
15-01-2015 00:00,9.125
15-01-2015 01:00,9.150000572
15-01-2015 02:00,9.425000191
15-01-2015 03:00,8.800000191
15-01-2015 04:00,9.175000191
15-01-2015 05:00,10.35000038
15-01-2015 06:00,9.475000381
15-01-2015 07:00,9.225000381
15-01-2015 08:00,13.55000019
15-01-2015 09:00,15.20000076
15-01-2015 10:00,14.39999962
15-01-2015 11:00,14.35000038
15-01-2015 12:00,12.17500019
15-01-2015 13:00,13.57499981
15-01-2015 14:00,12.875
15-01-2015 15:00,11
15-01-2015 16:00,12.52499962
15-01-2015 17:00,11.02499962
15-01-2015 18:00,11.05000019
15-01-2015 19:00,10
15-01-2015 20:00,11.32499981
15-01-2015 21:00,9.524999619
15-01-2015 22:00,10.17500019
15-01-2015 23:00,10.89999962
16-01-2015 00:00,10.875
16-01-2015 01:00,10.19999981
16-01-2015 02:00,10.02499962
16-01-2015 03:00,10.69999981
16-01-2015 04:00,10.42500019
16-01-2015 05:00,11.39999962
16-01-2015 06:00,10.875
16-01-2015 07:00,11.375
16-01-2015 08:00,12.30000019
16-01-2015 09:00,15.72500038
16-01-2015 10:00,14.94999981
16-01-2015 11:00,13.24
16-01-2015 12:00,13.1175
16-01-2015 13:00,13.15
16-01-2015 14:00,13.45
16-01-2015 15:00,15
16-01-2015 16:00,13.75
16-01-2015 17:00,12.57499981
16-01-2015 18:00,12.69999981
16-01-2015 19:00,10.35000038
16-01-2015 20:00,11.27499962
16-01-2015 21:00,10.80000019
16-01-2015 22:00,10.14999962
16-01-2015 23:00,11.07499981
17-01-2015 00:00,10.10000038
17-01-2015 01:00,10.30000019
17-01-2015 02:00,9.325000763
17-01-2015 03:00,10.72500038
17-01-2015 04:00,11.10000038
17-01-2015 05:00,10.47500038
17-01-2015 06:00,9.625
17-01-2015 07:00,11.80000019
17-01-2015 08:00,10.5
17-01-2015 09:00,10.35000038
17-01-2015 10:00,10.80000019
17-01-2015 11:00,13.30000019
17-01-2015 12:00,12.54999924
17-01-2015 13:00,10.80000019
17-01-2015 14:00,11.35000038
17-01-2015 15:00,12.125
17-01-2015 16:00,9.074999809
17-01-2015 17:00,10.625
17-01-2015 18:00,7.975000381
17-01-2015 19:00,11.47500038
17-01-2015 20:00,8.925000191
17-01-2015 21:00,9.125
17-01-2015 22:00,10.39999962
17-01-2015 23:00,8.449999809
18-01-2015 00:00,9.125
18-01-2015 01:00,9.399999619
18-01-2015 02:00,9.050000191
18-01-2015 03:00,8.600000381
18-01-2015 04:00,10.19999981
18-01-2015 05:00,8.449999809
18-01-2015 06:00,9.324999809
18-01-2015 07:00,9.050000191
18-01-2015 08:00,9.125
18-01-2015 09:00,9.5
18-01-2015 10:00,11.97500038
18-01-2015 11:00,12.875
18-01-2015 12:00,9.800000191
18-01-2015 13:00,8.449999809
18-01-2015 14:00,9.149999619
18-01-2015 15:00,8.274999619
18-01-2015 16:00,8.824999809
18-01-2015 17:00,8.375
18-01-2015 18:00,8.675000191
18-01-2015 19:00,9.25
18-01-2015 20:00,8.524999619
18-01-2015 21:00,10.05000019
18-01-2015 22:00,7.375
18-01-2015 23:00,9.324999809
19-01-2015 00:00,8.475000381
19-01-2015 01:00,8.199999809
19-01-2015 02:00,9.650000572
19-01-2015 03:00,8.925000191
19-01-2015 04:00,8.774999619
19-01-2015 05:00,8.649999619
19-01-2015 06:00,9.625
19-01-2015 07:00,9.125
19-01-2015 08:00,8.524999619
19-01-2015 09:00,8.75
19-01-2015 10:00,10.5
19-01-2015 11:00,9.824999809
19-01-2015 12:00,9.875
19-01-2015 13:00,9.550000191
19-01-2015 14:00,8.199999809
19-01-2015 15:00,9.775000572
19-01-2015 16:00,9.074999809
19-01-2015 17:00,10.60000038
19-01-2015 18:00,10.45000076
19-01-2015 19:00,12.44999981
19-01-2015 20:00,11.5
19-01-2015 21:00,10.10000038
19-01-2015 22:00,6.650000095
19-01-2015 23:00,9.475000381
20-01-2015 00:00,8.350000381
20-01-2015 01:00,9.025000572
20-01-2015 02:00,8.649999619
20-01-2015 03:00,9.699999809
20-01-2015 04:00,9.175000191
20-01-2015 05:00,9.425000191
20-01-2015 06:00,7.875
20-01-2015 07:00,10.64999962
20-01-2015 08:00,13.375
20-01-2015 09:00,13.42500019
20-01-2015 10:00,13.35000038
20-01-2015 11:00,12.97500038
20-01-2015 12:00,12
20-01-2015 13:00,13.02499962
20-01-2015 14:00,13.19999981
20-01-2015 15:00,14.39999962
20-01-2015 16:00,13.14999962
20-01-2015 17:00,9.925000191
20-01-2015 18:00,10.5
20-01-2015 19:00,10.02499962
20-01-2015 20:00,9.899999619
20-01-2015 21:00,10.42500019
20-01-2015 22:00,8.550000191
20-01-2015 23:00,10.67500019
21-01-2015 00:00,7.975000381
21-01-2015 01:00,9.875
21-01-2015 02:00,11.02499962
21-01-2015 03:00,8.875
21-01-2015 04:00,10.42499924
21-01-2015 05:00,11.07499981
21-01-2015 06:00,11.17500019
21-01-2015 07:00,14.27499962
21-01-2015 08:00,13.8775
21-01-2015 09:00,14.42500019
21-01-2015 10:00,12.79999924
21-01-2015 11:00,14.10000038
21-01-2015 12:00,14.05000019
21-01-2015 13:00,13.15000057
21-01-2015 14:00,15.39999962
21-01-2015 15:00,13.94999981
21-01-2015 16:00,11.69999981
21-01-2015 17:00,11.875
21-01-2015 18:00,11.47500038
21-01-2015 19:00,11.75
21-01-2015 20:00,12.32499981
21-01-2015 21:00,10.17500019
21-01-2015 22:00,10.72500038
21-01-2015 23:00,9.699999809
22-01-2015 00:00,9.925000191
22-01-2015 01:00,10.32500076
22-01-2015 02:00,8.375
22-01-2015 03:00,8.550000191
22-01-2015 04:00,8.399999619
22-01-2015 05:00,9.100000381
22-01-2015 06:00,9.574999809
22-01-2015 07:00,12.44999981
22-01-2015 08:00,13.27499962
22-01-2015 09:00,14.57500076
22-01-2015 10:00,13.285
22-01-2015 11:00,13.2675
22-01-2015 12:00,16.125
22-01-2015 13:00,12.8075
22-01-2015 14:00,12.625
22-01-2015 15:00,12.3875
22-01-2015 16:00,15.17500019
22-01-2015 17:00,15.32500076
22-01-2015 18:00,14.35000038
22-01-2015 19:00,11.17500019
22-01-2015 20:00,10.55000019
22-01-2015 21:00,11.22500038
22-01-2015 22:00,9.074999809
22-01-2015 23:00,8.774999619
23-01-2015 00:00,9.600000381
23-01-2015 01:00,9.625
23-01-2015 02:00,10.05000019
23-01-2015 03:00,8.875
23-01-2015 04:00,9.300000191
23-01-2015 05:00,8.524999619
23-01-2015 06:00,10.07499981
23-01-2015 07:00,11.30000019
23-01-2015 08:00,12.80000019
23-01-2015 09:00,14.94999981
23-01-2015 10:00,13.19999981
23-01-2015 11:00,15.02499962
23-01-2015 12:00,13.17500019
23-01-2015 13:00,12.4125
23-01-2015 14:00,14.14999962
23-01-2015 15:00,13.72500038
23-01-2015 16:00,12.35000038
23-01-2015 17:00,12.17500019
23-01-2015 18:00,9.674999237
23-01-2015 19:00,9.649999619
23-01-2015 20:00,9.5
23-01-2015 21:00,9.550000191
23-01-2015 22:00,8.625
23-01-2015 23:00,10.05000019
24-01-2015 00:00,8.049999237
24-01-2015 01:00,10.07499981
24-01-2015 02:00,7.974999905
24-01-2015 03:00,9.5
24-01-2015 04:00,8
24-01-2015 05:00,9.425000191
24-01-2015 06:00,8.349999428
24-01-2015 07:00,10.27499962
24-01-2015 08:00,8.774999619
24-01-2015 09:00,10.125
24-01-2015 10:00,8.375
24-01-2015 11:00,8.800000191
24-01-2015 12:00,8.524999619
24-01-2015 13:00,12.44999981
24-01-2015 14:00,11.57499981
24-01-2015 15:00,10.75
24-01-2015 16:00,11.64999962
24-01-2015 17:00,8.824999809
24-01-2015 18:00,10.30000019
24-01-2015 19:00,10.97500038
24-01-2015 20:00,11.22500038
24-01-2015 21:00,11.14999962
24-01-2015 22:00,11.29999924
24-01-2015 23:00,7.950000286
25-01-2015 00:00,8.625
25-01-2015 01:00,8.775000572
25-01-2015 02:00,8.574999809
25-01-2015 03:00,7.449999809
25-01-2015 04:00,7.925000191
25-01-2015 05:00,9.300000191
25-01-2015 06:00,8.024999619
25-01-2015 07:00,9.675000191
25-01-2015 08:00,8.699999809
25-01-2015 09:00,8.425000191
25-01-2015 10:00,9.074999809
25-01-2015 11:00,9.225000381
25-01-2015 12:00,8.074999809
25-01-2015 13:00,10.35000038
25-01-2015 14:00,9.074999809
25-01-2015 15:00,9.125
25-01-2015 16:00,10
25-01-2015 17:00,8.850000381
25-01-2015 18:00,10.14999962
25-01-2015 19:00,9.350000381
25-01-2015 20:00,8.925000191
25-01-2015 21:00,8.949999809
25-01-2015 22:00,9.225000381
25-01-2015 23:00,8.850000381
26-01-2015 00:00,9.125
26-01-2015 01:00,9.074999809
26-01-2015 02:00,9.975000381
26-01-2015 03:00,8.375
26-01-2015 04:00,8.75
26-01-2015 05:00,8.725000381
26-01-2015 06:00,11.375
26-01-2015 07:00,11.80000019
26-01-2015 08:00,14.35000038
26-01-2015 09:00,14.33333302
26-01-2015 10:00,14.47500038
26-01-2015 11:00,15.94999981
26-01-2015 12:00,15.80000019
26-01-2015 13:00,13.14999962
26-01-2015 14:00,14.47500038
26-01-2015 15:00,13.82499981
26-01-2015 16:00,12.07499981
26-01-2015 17:00,11.735
26-01-2015 18:00,11.75
26-01-2015 19:00,11.7
26-01-2015 20:00,14.85000038
26-01-2015 21:00,15
26-01-2015 22:00,14.80000019
26-01-2015 23:00,9.655
27-01-2015 00:00,12.60000038
27-01-2015 01:00,10.75
27-01-2015 02:00,10.94999981
27-01-2015 03:00,10.25
27-01-2015 04:00,11.22500038
27-01-2015 05:00,10.22500038
27-01-2015 06:00,12.25
27-01-2015 07:00,12.27499962
27-01-2015 08:00,15.39999962
27-01-2015 09:00,14.72500038
27-01-2015 10:00,14.94999981
27-01-2015 11:00,14.35000038
27-01-2015 12:00,13.5
27-01-2015 13:00,15.27499962
27-01-2015 14:00,15.375
27-01-2015 15:00,14.17500019
27-01-2015 16:00,13.8375
27-01-2015 17:00,12.5575
27-01-2015 18:00,15.65000057
27-01-2015 19:00,13.44999981
27-01-2015 20:00,12.17500019
27-01-2015 21:00,13.17500019
27-01-2015 22:00,11.82499981
27-01-2015 23:00,9.524999619
28-01-2015 00:00,10.625
28-01-2015 01:00,10.375
28-01-2015 02:00,9.649999619
28-01-2015 03:00,10.57499981
28-01-2015 04:00,8.774999619
28-01-2015 05:00,11.25
28-01-2015 06:00,11.60000038
28-01-2015 07:00,13.65000057
28-01-2015 08:00,13.61
28-01-2015 09:00,15.75
28-01-2015 10:00,15.55000019
28-01-2015 11:00,15.375
28-01-2015 12:00,13.35000038
28-01-2015 13:00,14.05000019
28-01-2015 14:00,12.67500019
28-01-2015 15:00,14.105
28-01-2015 16:00,12.84
28-01-2015 17:00,15.75
28-01-2015 18:00,12.1425
28-01-2015 19:00,14.10000038
28-01-2015 20:00,12.67500019
28-01-2015 21:00,13.75
28-01-2015 22:00,11.02499962
28-01-2015 23:00,10.75
29-01-2015 00:00,9.125
29-01-2015 01:00,10.89999962
29-01-2015 02:00,10.72500038
29-01-2015 03:00,9.5
29-01-2015 04:00,11.14999962
29-01-2015 05:00,10.97500038
29-01-2015 06:00,10.75
29-01-2015 07:00,13.42500019
29-01-2015 08:00,15.52499962
29-01-2015 09:00,14
29-01-2015 10:00,14.14999962
29-01-2015 11:00,15.375
29-01-2015 12:00,15.72500038
29-01-2015 13:00,16.02499962
29-01-2015 14:00,12.69999981
29-01-2015 15:00,12.47500038
29-01-2015 16:00,13.72500038
29-01-2015 17:00,12.3425
29-01-2015 18:00,14.5
29-01-2015 19:00,11.97500038
29-01-2015 20:00,13.27499962
29-01-2015 21:00,11.52499962
29-01-2015 22:00,9.775000572
29-01-2015 23:00,9.699999809
30-01-2015 00:00,10.44999981
30-01-2015 01:00,8.300000191
30-01-2015 02:00,9.125
30-01-2015 03:00,9.350000381
30-01-2015 04:00,10.55000019
30-01-2015 05:00,8.600000381
30-01-2015 06:00,10.67500019
30-01-2015 07:00,11.17500019
30-01-2015 08:00,12.32499981
30-01-2015 09:00,13.77499962
30-01-2015 10:00,13.94999981
30-01-2015 11:00,14.69999981
30-01-2015 12:00,12.80000019
30-01-2015 13:00,14
30-01-2015 14:00,13.8825
30-01-2015 15:00,15.25
30-01-2015 16:00,13.75
30-01-2015 17:00,10.75
30-01-2015 18:00,10.32500076
30-01-2015 19:00,12.75
30-01-2015 20:00,12.375
30-01-2015 21:00,12.55000019
30-01-2015 22:00,10.52499962
30-01-2015 23:00,10.42500019
31-01-2015 00:00,10.14999962
31-01-2015 01:00,10.14999962
31-01-2015 02:00,10.72500038
31-01-2015 03:00,10.44999981
31-01-2015 04:00,10.19999981
31-01-2015 05:00,10.97500038
31-01-2015 06:00,10.375
31-01-2015 07:00,10.94999981
31-01-2015 08:00,9.675000191
31-01-2015 09:00,10.97500038
31-01-2015 10:00,10.47499943
31-01-2015 11:00,10.92500019
31-01-2015 12:00,11.60000038
31-01-2015 13:00,9.975000381
31-01-2015 14:00,10.17500019
31-01-2015 15:00,9.5
31-01-2015 16:00,9.975000381
31-01-2015 17:00,12.60000038
31-01-2015 18:00,11.02499962
31-01-2015 19:00,13.19999981
31-01-2015 20:00,14.25
31-01-2015 21:00,12.67500019
31-01-2015 22:00,11.125
31-01-2015 23:00,9.074999809
01-02-2015 0:00,10.875
01-02-2015 1:00,10.02499962
01-02-2015 2:00,9.099999428
01-02-2015 3:00,10.17500019
01-02-2015 4:00,9.925000191
01-02-2015 5:00,10.42500019
01-02-2015 6:00,8.375
01-02-2015 7:00,8.449999809
01-02-2015 8:00,8.725000381
01-02-2015 9:00,9.175000191
01-02-2015 10:00,9.625
01-02-2015 11:00,10.27499962
01-02-2015 12:00,10.25
01-02-2015 13:00,9.550000191
01-02-2015 14:00,10.10000038
01-02-2015 15:00,11.32499981
01-02-2015 16:00,9.75
01-02-2015 17:00,9.324999809
01-02-2015 18:00,10.72500038
01-02-2015 19:00,10.32500076
01-02-2015 20:00,9.649999619
01-02-2015 21:00,7.375
01-02-2015 22:00,11.39999962
01-02-2015 23:00,10.77499962
02-02-2015 0:00,9.425000191
02-02-2015 1:00,9.699999809
02-02-2015 2:00,9.875
02-02-2015 3:00,10.69999981
02-02-2015 4:00,8.899999619
02-02-2015 5:00,9.375
02-02-2015 6:00,10.69999981
02-02-2015 7:00,9.675000191
02-02-2015 8:00,13.17500019
02-02-2015 9:00,13.02499962
02-02-2015 10:00,14.92500019
02-02-2015 11:00,14.35000038
02-02-2015 12:00,14.60000038
02-02-2015 13:00,13.14999962
02-02-2015 14:00,14.0475
02-02-2015 15:00,15.02499962
02-02-2015 16:00,14.32499981
02-02-2015 17:00,12.7975
02-02-2015 18:00,15.875
02-02-2015 19:00,13.14999962
02-02-2015 20:00,10.625
02-02-2015 21:00,11.22500038
02-02-2015 22:00,9.125
02-02-2015 23:00,10.32499981
03-02-2015 0:00,9.899999619
03-02-2015 1:00,11.02499962
03-02-2015 2:00,9.899999619
03-02-2015 3:00,10.5
03-02-2015 4:00,10.42500019
03-02-2015 5:00,11
03-02-2015 6:00,13.22500038
03-02-2015 7:00,13.375
03-02-2015 8:00,15
03-02-2015 9:00,15.67500019
03-02-2015 10:00,14.90000057
03-02-2015 11:00,15.82499981
03-02-2015 12:00,14.67500019
03-02-2015 13:00,14.67499924
03-02-2015 14:00,13.875
03-02-2015 15:00,14.14999962
03-02-2015 16:00,16.125
03-02-2015 17:00,15.60000038
03-02-2015 18:00,14.47500038
03-02-2015 19:00,12.57499981
03-02-2015 20:00,10.57500076
03-02-2015 21:00,10.07499981
03-02-2015 22:00,10.44999981
03-02-2015 23:00,10.55000019
04-02-2015 0:00,9.125
04-02-2015 1:00,9.850000381
04-02-2015 2:00,10.25
04-02-2015 3:00,9.5
04-02-2015 4:00,8.199999809
04-02-2015 5:00,10.94999981
04-02-2015 6:00,11.55000019
04-02-2015 7:00,13.25
04-02-2015 8:00,14
04-02-2015 9:00,12.97500038
04-02-2015 10:00,12.42500019
04-02-2015 11:00,12.94999981
04-02-2015 12:00,14.52499962
04-02-2015 13:00,16.10000038
04-02-2015 14:00,13.685
04-02-2015 15:00,13.5925
04-02-2015 16:00,12.2675
04-02-2015 17:00,14.375
04-02-2015 18:00,14.19999981
04-02-2015 19:00,11.85000038
04-02-2015 20:00,12.77499962
04-02-2015 21:00,11.92500019
04-02-2015 22:00,8.5
04-02-2015 23:00,9.100000381
05-02-2015 0:00,8.199999809
05-02-2015 1:00,9.699999809
05-02-2015 2:00,9
05-02-2015 3:00,9.975000381
05-02-2015 4:00,9.875
05-02-2015 5:00,10.35000038
05-02-2015 6:00,11.5
05-02-2015 7:00,13.27499962
05-02-2015 8:00,13.875
05-02-2015 9:00,14.60000038
05-02-2015 10:00,13.64999962
05-02-2015 11:00,14.60000038
05-02-2015 12:00,15.07499981
05-02-2015 13:00,14.30000019
05-02-2015 14:00,14
05-02-2015 15:00,14.72500038
05-02-2015 16:00,15.25
05-02-2015 17:00,15.77499962
05-02-2015 18:00,13.7575
05-02-2015 19:00,14.02499962
05-02-2015 20:00,14.67500019
05-02-2015 21:00,14.69999981
05-02-2015 22:00,12.42500019
05-02-2015 23:00,11.32500076
06-02-2015 0:00,8.375
06-02-2015 1:00,9.425000191
06-02-2015 2:00,10.92500019
06-02-2015 3:00,10.875
06-02-2015 4:00,10.82499981
06-02-2015 5:00,11.05000019
06-02-2015 6:00,12.22500038
06-02-2015 7:00,14.55000019
06-02-2015 8:00,15.17499924
06-02-2015 9:00,16
06-02-2015 10:00,15.19999981
06-02-2015 11:00,13.875
06-02-2015 12:00,14.30000019
06-02-2015 13:00,15.875
06-02-2015 14:00,13.85000038
06-02-2015 15:00,13.72
06-02-2015 16:00,14.34999943
06-02-2015 17:00,11.89999962
06-02-2015 18:00,14.54999924
06-02-2015 19:00,16.10000038
06-02-2015 20:00,15.17500019
06-02-2015 21:00,14.92500019
06-02-2015 22:00,14.69999981
06-02-2015 23:00,9.5
07-02-2015 0:00,10.64999962
07-02-2015 1:00,10.22500038
07-02-2015 2:00,9.774999619
07-02-2015 3:00,10.77499962
07-02-2015 4:00,9.399999619
07-02-2015 5:00,9.199999809
07-02-2015 6:00,8.875
07-02-2015 7:00,8.824999809
07-02-2015 8:00,7.649999619
07-02-2015 9:00,9.600000381
07-02-2015 10:00,9.875
07-02-2015 11:00,9.100000381
07-02-2015 12:00,9.350000381
07-02-2015 13:00,8.600000381
07-02-2015 14:00,11.17500019
07-02-2015 15:00,9.800000191
07-02-2015 16:00,8.449999809
07-02-2015 17:00,9.649999619
07-02-2015 18:00,12.42500019
07-02-2015 19:00,14.42500019
07-02-2015 20:00,13.44999981
07-02-2015 21:00,12.64999962
07-02-2015 22:00,12.375
07-02-2015 23:00,8.550000191
08-02-2015 0:00,10.27499962
08-02-2015 1:00,8.699999809
08-02-2015 2:00,10.52499962
08-02-2015 3:00,9.574999809
08-02-2015 4:00,10.80000019
08-02-2015 5:00,7.949999809
08-02-2015 6:00,10.32500076
08-02-2015 7:00,9.324999809
08-02-2015 8:00,9.175000191
08-02-2015 9:00,9.399999619
08-02-2015 10:00,8.5
08-02-2015 11:00,10
08-02-2015 12:00,9.050000191
08-02-2015 13:00,13.05000019
08-02-2015 14:00,15.375
08-02-2015 15:00,12.64999962
08-02-2015 16:00,14
08-02-2015 17:00,14.30000019
08-02-2015 18:00,10.875
08-02-2015 19:00,10.125
08-02-2015 20:00,10.52499962
08-02-2015 21:00,9.549999237
08-02-2015 22:00,10.25
08-02-2015 23:00,8.399999619
09-02-2015 0:00,9.699999809
09-02-2015 1:00,9.225000381
09-02-2015 2:00,8.850000381
09-02-2015 3:00,9.050000191
09-02-2015 4:00,8.399999619
09-02-2015 5:00,11.125
09-02-2015 6:00,10.39999962
09-02-2015 7:00,11.10000038
09-02-2015 8:00,14.125
09-02-2015 9:00,13.77499962
09-02-2015 10:00,15.14999962
09-02-2015 11:00,15.02499962
09-02-2015 12:00,15.97500038
09-02-2015 13:00,15.42500019
09-02-2015 14:00,13.97500038
09-02-2015 15:00,14.5
09-02-2015 16:00,14.34999943
09-02-2015 17:00,12.2875
09-02-2015 18:00,15.52499962
09-02-2015 19:00,12.05000019
09-02-2015 20:00,10.35000038
09-02-2015 21:00,10
09-02-2015 22:00,10.02499962
09-02-2015 23:00,8.600000381
10-02-2015 0:00,9.5
10-02-2015 1:00,10.60000038
10-02-2015 2:00,8.199999809
10-02-2015 3:00,9.150000572
10-02-2015 4:00,9.574999809
10-02-2015 5:00,10.55000019
10-02-2015 6:00,12.94999981
10-02-2015 7:00,11.39999962
10-02-2015 8:00,13.97500038
10-02-2015 9:00,15.02499962
10-02-2015 10:00,16.04999924
10-02-2015 11:00,15.79999924
10-02-2015 12:00,13.5125
10-02-2015 13:00,13.8925
10-02-2015 14:00,13.665
10-02-2015 15:00,14.34999943
10-02-2015 16:00,14.125
10-02-2015 17:00,12.5725
10-02-2015 18:00,13.57500076
10-02-2015 19:00,12.05000019
10-02-2015 20:00,10.60000038
10-02-2015 21:00,10.22500038
10-02-2015 22:00,10.55000019
10-02-2015 23:00,10.07500076
11-02-2015 0:00,9.925000191
11-02-2015 1:00,9.449999809
11-02-2015 2:00,10.64999962
11-02-2015 3:00,9.649999619
11-02-2015 4:00,9.524999619
11-02-2015 5:00,11.07499981
11-02-2015 6:00,13.14999962
11-02-2015 7:00,13.82499981
11-02-2015 8:00,14.125
11-02-2015 9:00,15.42500019
11-02-2015 10:00,15.44999981
11-02-2015 11:00,13.755
11-02-2015 12:00,15.10000038
11-02-2015 13:00,15.75
11-02-2015 14:00,15.625
11-02-2015 15:00,16.10000038
11-02-2015 16:00,14.17500019
11-02-2015 17:00,12.19999981
11-02-2015 18:00,9.875
11-02-2015 19:00,10.94999981
11-02-2015 20:00,9.800000191
11-02-2015 21:00,8.574999809
11-02-2015 22:00,10.32499981
11-02-2015 23:00,9.5
12-02-2015 0:00,9.675000191
12-02-2015 1:00,9.25
12-02-2015 2:00,9.5
12-02-2015 3:00,9.475000381
12-02-2015 4:00,8.75
12-02-2015 5:00,9.024999619
12-02-2015 6:00,8.875
12-02-2015 7:00,11.625
12-02-2015 8:00,13.32499981
12-02-2015 9:00,12.07499981
12-02-2015 10:00,11.94999981
12-02-2015 11:00,13.875
12-02-2015 12:00,12.64999962
12-02-2015 13:00,13.77499962
12-02-2015 14:00,12.77499962
12-02-2015 15:00,13.92500019
12-02-2015 16:00,14.77499962
12-02-2015 17:00,14.44999981
12-02-2015 18:00,15.875
12-02-2015 19:00,12.625
12-02-2015 20:00,11.30000019
12-02-2015 21:00,11.5
12-02-2015 22:00,11.17500019
12-02-2015 23:00,10.22500038
13-02-2015 00:00,9.899999619
13-02-2015 01:00,10.52500057
13-02-2015 02:00,11.14999962
13-02-2015 03:00,11
13-02-2015 04:00,11.75
13-02-2015 05:00,11.67500019
13-02-2015 06:00,12.77499962
13-02-2015 07:00,13.97500038
13-02-2015 08:00,14.47500038
13-02-2015 09:00,13.35000038
13-02-2015 10:00,15.32500076
13-02-2015 11:00,15.70000076
13-02-2015 12:00,13.82499981
13-02-2015 13:00,14.125
13-02-2015 14:00,14.85000038
13-02-2015 15:00,14.05000019
13-02-2015 16:00,13.77499962
13-02-2015 17:00,13.42500019
13-02-2015 18:00,13.5
13-02-2015 19:00,13.35000038
13-02-2015 20:00,13.19999981
13-02-2015 21:00,12.85000038
13-02-2015 22:00,10.17499924
13-02-2015 23:00,9.975000381
14-02-2015 00:00,10.57499981
14-02-2015 01:00,10.375
14-02-2015 02:00,10.19999981
14-02-2015 03:00,11.125
14-02-2015 04:00,10.67500019
14-02-2015 05:00,10.22500038
14-02-2015 06:00,9.524999619
14-02-2015 07:00,10.32500076
14-02-2015 08:00,10.625
14-02-2015 09:00,9.875
14-02-2015 10:00,9.425000191
14-02-2015 11:00,9.824999809
14-02-2015 12:00,10.42500019
14-02-2015 13:00,10.42500019
14-02-2015 14:00,9.399999619
14-02-2015 15:00,10.22500038
14-02-2015 16:00,8.925000191
14-02-2015 17:00,10.02499962
14-02-2015 18:00,9.524999619
14-02-2015 19:00,9.399999619
14-02-2015 20:00,9.725000381
14-02-2015 21:00,10.52499962
14-02-2015 22:00,10.375
14-02-2015 23:00,11
15-02-2015 00:00,9.625
15-02-2015 01:00,10.97500038
15-02-2015 02:00,10.92500019
15-02-2015 03:00,11.07499981
15-02-2015 04:00,11.47500038
15-02-2015 05:00,11.14999962
15-02-2015 06:00,10.75
15-02-2015 07:00,10.39999962
15-02-2015 08:00,10.07499981
15-02-2015 09:00,10.72500038
15-02-2015 10:00,13.52499962
15-02-2015 11:00,14
15-02-2015 12:00,14.75
15-02-2015 13:00,11.89999962
15-02-2015 14:00,12.60000038
15-02-2015 15:00,13.55000019
15-02-2015 16:00,12.625
15-02-2015 17:00,13.30000019
15-02-2015 18:00,13.125
15-02-2015 19:00,12.25
15-02-2015 20:00,12.125
15-02-2015 21:00,11.625
15-02-2015 22:00,12
15-02-2015 23:00,12.30000019
16-02-2015 00:00,11.625
16-02-2015 01:00,11.80000019
16-02-2015 02:00,11.72500038
16-02-2015 03:00,13.02499962
16-02-2015 04:00,11.625
16-02-2015 05:00,12.30000019
16-02-2015 06:00,13.60000038
16-02-2015 07:00,13.47500038
16-02-2015 08:00,14.97500038
16-02-2015 09:00,14.8425
16-02-2015 10:00,14.82499981
16-02-2015 11:00,14.39999962
16-02-2015 12:00,13.92500019
16-02-2015 13:00,14.85000038
16-02-2015 14:00,15.70000076
16-02-2015 15:00,15.05000019
16-02-2015 16:00,14.57500076
16-02-2015 17:00,12.60000038
16-02-2015 18:00,11.30000019
16-02-2015 19:00,12.35000038
16-02-2015 20:00,13.10000038
16-02-2015 21:00,14.17499924
16-02-2015 22:00,13.375
16-02-2015 23:00,10.375
17-02-2015 00:00,10.27499962
17-02-2015 01:00,11.22500038
17-02-2015 02:00,10.67500019
17-02-2015 03:00,12.07499981
17-02-2015 04:00,11.25
17-02-2015 05:00,12.5
17-02-2015 06:00,12.02499962
17-02-2015 07:00,14.875
17-02-2015 08:00,14.555
17-02-2015 09:00,16.07500076
17-02-2015 10:00,16
17-02-2015 11:00,14.4225
17-02-2015 12:00,14
17-02-2015 13:00,15.07499981
17-02-2015 14:00,13.8725
17-02-2015 15:00,14.92499924
17-02-2015 16:00,13.10000038
17-02-2015 17:00,10.52499962
17-02-2015 18:00,11.52499962
17-02-2015 19:00,11.72500038
17-02-2015 20:00,10.67500019
17-02-2015 21:00,11.25
17-02-2015 22:00,10.55000019
17-02-2015 23:00,10.47500038
18-02-2015 00:00,9.875
18-02-2015 01:00,11.32499981
18-02-2015 02:00,9.949999809
18-02-2015 03:00,10.39999962
18-02-2015 04:00,11.32499981
18-02-2015 05:00,11.125
18-02-2015 06:00,11.69999981
18-02-2015 07:00,12.92500019
18-02-2015 08:00,15.125
18-02-2015 09:00,14.31
18-02-2015 10:00,15.77499962
18-02-2015 11:00,13.82499981
18-02-2015 12:00,15.375
18-02-2015 13:00,14.75
18-02-2015 14:00,15.17500019
18-02-2015 15:00,14.26
18-02-2015 16:00,12.64999962
18-02-2015 17:00,14.57499981
18-02-2015 18:00,13.57499981
18-02-2015 19:00,14.02499962
18-02-2015 20:00,14.80000019
18-02-2015 21:00,14.32499981
18-02-2015 22:00,11.69999981
18-02-2015 23:00,9.449999809
19-02-2015 00:00,9.050000191
19-02-2015 01:00,9.050000191
19-02-2015 02:00,9.899999619
19-02-2015 03:00,9.899999619
19-02-2015 04:00,9.149999619
19-02-2015 05:00,11.47500038
19-02-2015 06:00,12.42499924
19-02-2015 07:00,12.60000038
19-02-2015 08:00,14.34999943
19-02-2015 09:00,14.6125
19-02-2015 10:00,14.64
19-02-2015 11:00,14.68
19-02-2015 12:00,15.875
19-02-2015 13:00,14.625
19-02-2015 14:00,14.3675
19-02-2015 15:00,14.64
19-02-2015 16:00,15.14
19-02-2015 17:00,14.94
19-02-2015 18:00,14.5825
19-02-2015 19:00,11.42500019
19-02-2015 20:00,11.57499981
19-02-2015 21:00,11.52499962
19-02-2015 22:00,12.02499962
19-02-2015 23:00,10.39999962
20-02-2015 00:00,12
20-02-2015 01:00,12.47500038
20-02-2015 02:00,11.57499981
20-02-2015 03:00,11.07500076
20-02-2015 04:00,11.55000019
20-02-2015 05:00,13.64999962
20-02-2015 06:00,14.92500019
20-02-2015 07:00,14.07500076
20-02-2015 08:00,15.57499981
20-02-2015 09:00,15.4
20-02-2015 10:00,15.39
20-02-2015 11:00,15.14999962
20-02-2015 12:00,14.825
20-02-2015 13:00,16.10000038
20-02-2015 14:00,14.8975
20-02-2015 15:00,15.55000019
20-02-2015 16:00,14.75
20-02-2015 17:00,14.27499962
20-02-2015 18:00,11.97500038
20-02-2015 19:00,11.69999981
20-02-2015 20:00,10.67500019
20-02-2015 21:00,10.17500019
20-02-2015 22:00,10.92500019
20-02-2015 23:00,10.67500019
21-02-2015 00:00,11.29999924
21-02-2015 01:00,10.17500019
21-02-2015 02:00,10.94999981
21-02-2015 03:00,11.65000057
21-02-2015 04:00,9.5
21-02-2015 05:00,10.82499981
21-02-2015 06:00,10.10000038
21-02-2015 07:00,10.85000038
21-02-2015 08:00,10.02499962
21-02-2015 09:00,10.19999981
21-02-2015 10:00,9.975000381
21-02-2015 11:00,10.14999962
21-02-2015 12:00,10.57499981
21-02-2015 13:00,10.07499981
21-02-2015 14:00,9.899999619
21-02-2015 15:00,9.5
21-02-2015 16:00,8.849999428
21-02-2015 17:00,9.225000381
21-02-2015 18:00,9.949999809
21-02-2015 19:00,9.725000381
21-02-2015 20:00,8.274999619
21-02-2015 21:00,10.07499981
21-02-2015 22:00,10.45000076
21-02-2015 23:00,9.549999237
22-02-2015 00:00,10.72500038
22-02-2015 01:00,8.800000191
22-02-2015 02:00,9.425000191
22-02-2015 03:00,10.59999943
22-02-2015 04:00,9.375
22-02-2015 05:00,8.699999809
22-02-2015 06:00,9.100000381
22-02-2015 07:00,8.800000191
22-02-2015 08:00,9.425000191
22-02-2015 09:00,9.850000381
22-02-2015 10:00,10.30000019
22-02-2015 11:00,9.599999428
22-02-2015 12:00,11
22-02-2015 13:00,8.225000381
22-02-2015 14:00,11.72500038
22-02-2015 15:00,14.55000019
22-02-2015 16:00,12.89999962
22-02-2015 17:00,13.89999962
22-02-2015 18:00,11.97500038
22-02-2015 19:00,12.47500038
22-02-2015 20:00,12.54999924
22-02-2015 21:00,9.100000381
22-02-2015 22:00,10.60000038
22-02-2015 23:00,10
23-02-2015 00:00,10.10000038
23-02-2015 01:00,10.125
23-02-2015 02:00,10.54999924
23-02-2015 03:00,10.47500038
23-02-2015 04:00,10.30000019
23-02-2015 05:00,11.07499981
23-02-2015 06:00,12.35000038
23-02-2015 07:00,12.30000019
23-02-2015 08:00,14.42500019
23-02-2015 09:00,16.02499962
23-02-2015 10:00,15.0075
23-02-2015 11:00,15.5375
23-02-2015 12:00,15.345
23-02-2015 13:00,14.9075
23-02-2015 14:00,15.64999962
23-02-2015 15:00,15.64999962
23-02-2015 16:00,13.32499981
23-02-2015 17:00,14.875
23-02-2015 18:00,13.6425
23-02-2015 19:00,15.42499924
23-02-2015 20:00,14.77499962
23-02-2015 21:00,14.35000038
23-02-2015 22:00,15.375
23-02-2015 23:00,14.39999962
24-02-2015 00:00,14.54999924
24-02-2015 01:00,13.27499962
24-02-2015 02:00,15.54999924
24-02-2015 03:00,14.89999962
24-02-2015 04:00,14.07499981
24-02-2015 05:00,12.3
24-02-2015 06:00,14.97500038
24-02-2015 07:00,14.94999981
24-02-2015 08:00,14.9275
24-02-2015 09:00,15.3925
24-02-2015 10:00,15.3025
24-02-2015 11:00,12.30000019
24-02-2015 12:00,12.39999962
24-02-2015 13:00,13.07499981
24-02-2015 14:00,11.42500019
24-02-2015 15:00,13.875
24-02-2015 16:00,13.7325
24-02-2015 17:00,12.985
24-02-2015 18:00,13.30000019
24-02-2015 19:00,10.30000019
24-02-2015 20:00,10.75
24-02-2015 21:00,9.975000381
24-02-2015 22:00,10.02499962
24-02-2015 23:00,9.399999619
25-02-2015 00:00,9.975000381
25-02-2015 01:00,11
25-02-2015 02:00,10.42500019
25-02-2015 03:00,10.07499981
25-02-2015 04:00,9.375
25-02-2015 05:00,10.67500019
25-02-2015 06:00,12.44999981
25-02-2015 07:00,12.97500038
25-02-2015 08:00,14.77499962
25-02-2015 09:00,13.60000038
25-02-2015 10:00,14.77499962
25-02-2015 11:00,14.97500038
25-02-2015 12:00,15.32500076
25-02-2015 13:00,14.80000019
25-02-2015 14:00,14.4475
25-02-2015 15:00,14.5025
25-02-2015 16:00,13.5075
25-02-2015 17:00,13.5
25-02-2015 18:00,10.82499981
25-02-2015 19:00,11.69999981
25-02-2015 20:00,9.225000381
25-02-2015 21:00,11.77499962
25-02-2015 22:00,10.69999981
25-02-2015 23:00,9.975000381
26-02-2015 00:00,10.85000038
26-02-2015 01:00,11.02499962
26-02-2015 02:00,11.30000019
26-02-2015 03:00,10.07499981
26-02-2015 04:00,11.27499962
26-02-2015 05:00,11.375
26-02-2015 06:00,13.25
26-02-2015 07:00,15.375
26-02-2015 08:00,14.07499981
26-02-2015 09:00,15.44999981
26-02-2015 10:00,16
26-02-2015 11:00,14.275
26-02-2015 12:00,14.355
26-02-2015 13:00,14.1125
26-02-2015 14:00,13.9375
26-02-2015 15:00,15.92500019
26-02-2015 16:00,16
26-02-2015 17:00,14.305
26-02-2015 18:00,15.89999962
26-02-2015 19:00,14.5
26-02-2015 20:00,12.94999981
26-02-2015 21:00,13.52499962
26-02-2015 22:00,10.125
26-02-2015 23:00,10.72500038
27-02-2015 00:00,9.850000381
27-02-2015 01:00,9.774999619
27-02-2015 02:00,10.19999981
27-02-2015 03:00,10.125
27-02-2015 04:00,10.05000019
27-02-2015 05:00,10.80000019
27-02-2015 06:00,11.27499962
27-02-2015 07:00,13.625
27-02-2015 08:00,14.10000038
27-02-2015 09:00,16.04999924
27-02-2015 10:00,16.125
27-02-2015 11:00,14.84999943
27-02-2015 12:00,13.92500019
27-02-2015 13:00,13.25
27-02-2015 14:00,15.35000038
27-02-2015 15:00,14.69999981
27-02-2015 16:00,11.57499981
27-02-2015 17:00,12.27499962
27-02-2015 18:00,11.85000038
27-02-2015 19:00,14.82499981
27-02-2015 20:00,15.375
27-02-2015 21:00,13.875
27-02-2015 22:00,11.35000038
27-02-2015 23:00,10.10000038
28-02-2015 00:00,11.32499981
28-02-2015 01:00,11.72500038
28-02-2015 02:00,10.55000019
28-02-2015 03:00,11.25
28-02-2015 04:00,11.25
28-02-2015 05:00,10.57499981
28-02-2015 06:00,11.07499981
28-02-2015 07:00,10.75
28-02-2015 08:00,9.774999619
28-02-2015 09:00,9.875
28-02-2015 10:00,9.975000381
28-02-2015 11:00,10.05000019
28-02-2015 12:00,10.44999981
28-02-2015 13:00,8.800000191
28-02-2015 14:00,9.975000381
28-02-2015 15:00,9.75
28-02-2015 16:00,9.475000381
28-02-2015 17:00,11.80000019
28-02-2015 18:00,14.27499962
28-02-2015 19:00,12.97500038
28-02-2015 20:00,12.5
28-02-2015 21:00,12.25
28-02-2015 22:00,12.57499981
28-02-2015 23:00,10.22500038
01-03-2015 0:00,10
01-03-2015 1:00,10.35000038
01-03-2015 2:00,8.925000191
01-03-2015 3:00,9.524999619
01-03-2015 4:00,9.724999428
01-03-2015 5:00,10.27499962
01-03-2015 6:00,9.824999809
01-03-2015 7:00,9.899999619
01-03-2015 8:00,9.325000763
01-03-2015 9:00,10.75
01-03-2015 10:00,12.85000038
01-03-2015 11:00,12.32499981
01-03-2015 12:00,10.60000038
01-03-2015 13:00,11.67500019
01-03-2015 14:00,13.875
01-03-2015 15:00,11.92500019
01-03-2015 16:00,10.77499962
01-03-2015 17:00,12.44999981
01-03-2015 18:00,9.175000191
01-03-2015 19:00,9.199999809
01-03-2015 20:00,8.774999619
01-03-2015 21:00,9.524999619
01-03-2015 22:00,9.049999237
01-03-2015 23:00,9.550000191
02-03-2015 0:00,9.350000381
02-03-2015 1:00,9.600000381
02-03-2015 2:00,9.475000381
02-03-2015 3:00,9.475000381
02-03-2015 4:00,9.350000381
02-03-2015 5:00,11.10000038
02-03-2015 6:00,12.82499981
02-03-2015 7:00,13.25
02-03-2015 8:00,13.10000038
02-03-2015 9:00,14.89999962
02-03-2015 10:00,15
02-03-2015 11:00,15.875
02-03-2015 12:00,15.60000038
02-03-2015 13:00,13.02499962
02-03-2015 14:00,13.94999981
02-03-2015 15:00,15.92500019
02-03-2015 16:00,15.05000019
02-03-2015 17:00,13.55000019
02-03-2015 18:00,13.07499981
02-03-2015 19:00,13.57499981
02-03-2015 20:00,12.125
02-03-2015 21:00,11.27499962
02-03-2015 22:00,12
02-03-2015 23:00,9.974999428
03-03-2015 0:00,9.375
03-03-2015 1:00,9.300000191
03-03-2015 2:00,9.975000381
03-03-2015 3:00,8.400000572
03-03-2015 4:00,8.824999809
03-03-2015 5:00,10.47500038
03-03-2015 6:00,12.17500019
03-03-2015 7:00,12.69999981
03-03-2015 8:00,14.92500019
03-03-2015 9:00,15.5
03-03-2015 10:00,14.0525
03-03-2015 11:00,13.6275
03-03-2015 12:00,14.57499981
03-03-2015 13:00,15.72500038
03-03-2015 14:00,14.97500038
03-03-2015 15:00,14.42500019
03-03-2015 16:00,13.85000038
03-03-2015 17:00,12.86
03-03-2015 18:00,14.32500076
03-03-2015 19:00,13.72500038
03-03-2015 20:00,13.92500019
03-03-2015 21:00,12.67500019
03-03-2015 22:00,8.675000191
03-03-2015 23:00,8.949999809
04-03-2015 0:00,7.925000191
04-03-2015 1:00,9.475000381
04-03-2015 2:00,10.02499962
04-03-2015 3:00,8.25
04-03-2015 4:00,10.14999962
04-03-2015 5:00,9.5
04-03-2015 6:00,11.875
04-03-2015 7:00,12
04-03-2015 8:00,13.17500019
04-03-2015 9:00,14.55000019
04-03-2015 10:00,14.85000038
04-03-2015 11:00,15.22500038
04-03-2015 12:00,14.92500019
04-03-2015 13:00,14.57499981
04-03-2015 14:00,13.85000038
04-03-2015 15:00,12.44999981
04-03-2015 16:00,11.67500019
04-03-2015 17:00,11.42500019
04-03-2015 18:00,10.375
04-03-2015 19:00,11.30000019
04-03-2015 20:00,10.22499943
04-03-2015 21:00,8.675000191
04-03-2015 22:00,9.175000191
04-03-2015 23:00,9.949999809
05-03-2015 0:00,8.850000381
05-03-2015 1:00,8.324999809
05-03-2015 2:00,8.949999809
05-03-2015 3:00,9.475000381
05-03-2015 4:00,11.25
05-03-2015 5:00,8.949999809
05-03-2015 6:00,9.574999809
05-03-2015 7:00,11.42500019
05-03-2015 8:00,14.17500019
05-03-2015 9:00,14.92499924
05-03-2015 10:00,14.32499981
05-03-2015 11:00,14.29999924
05-03-2015 12:00,14.29999924
05-03-2015 13:00,14.19999981
05-03-2015 14:00,14.15
05-03-2015 15:00,15.77499962
05-03-2015 16:00,14.6
05-03-2015 17:00,14.485
05-03-2015 18:00,16.125
05-03-2015 19:00,11.92500019
05-03-2015 20:00,10.125
05-03-2015 21:00,10.45000076
05-03-2015 22:00,10.14999962
05-03-2015 23:00,9.824999809
06-03-2015 0:00,10.14999962
06-03-2015 1:00,9.850000381
06-03-2015 2:00,9.949999809
06-03-2015 3:00,9.924999237
06-03-2015 4:00,10.17500019
06-03-2015 5:00,10.47500038
06-03-2015 6:00,12.05000019
06-03-2015 7:00,12
06-03-2015 8:00,13.97500038
06-03-2015 9:00,15.47500038
06-03-2015 10:00,14.40000057
06-03-2015 11:00,13.57499981
06-03-2015 12:00,16.04999924
06-03-2015 13:00,15.19999981
06-03-2015 14:00,13.845
06-03-2015 15:00,14.52499962
06-03-2015 16:00,12.64999962
06-03-2015 17:00,13.22500038
06-03-2015 18:00,13.60000038
06-03-2015 19:00,12.80000019
06-03-2015 20:00,10.60000038
06-03-2015 21:00,13.125
06-03-2015 22:00,10.39999962
06-03-2015 23:00,9.375
07-03-2015 0:00,9.375
07-03-2015 1:00,9.850000381
07-03-2015 2:00,8.300000191
07-03-2015 3:00,9.350000381
07-03-2015 4:00,9.649999619
07-03-2015 5:00,10.05000019
07-03-2015 6:00,10.5
07-03-2015 7:00,9.350000381
07-03-2015 8:00,9.774999619
07-03-2015 9:00,9.75
07-03-2015 10:00,10.64999962
07-03-2015 11:00,9.875
07-03-2015 12:00,8.699999809
07-03-2015 13:00,10.35000038
07-03-2015 14:00,9.75
07-03-2015 15:00,9.274999619
07-03-2015 16:00,9.550000191
07-03-2015 17:00,11.67500019
07-03-2015 18:00,11.92500019
07-03-2015 19:00,11.92500019
07-03-2015 20:00,12.60000038
07-03-2015 21:00,10.75
07-03-2015 22:00,9.25
07-03-2015 23:00,9.25
08-03-2015 0:00,9.925000191
08-03-2015 1:00,8.425000191
08-03-2015 3:00,8.75
08-03-2015 4:00,10.02499962
08-03-2015 5:00,8.399999619
08-03-2015 6:00,9.225000381
08-03-2015 7:00,8.800000191
08-03-2015 8:00,9.25
08-03-2015 9:00,8.600000381
08-03-2015 10:00,9.524999619
08-03-2015 11:00,9.524999619
08-03-2015 12:00,12.17500019
08-03-2015 13:00,11
08-03-2015 14:00,12.75
08-03-2015 15:00,10.77499962
08-03-2015 16:00,11.80000019
08-03-2015 17:00,11.25
08-03-2015 18:00,11.94999981
08-03-2015 19:00,14.07499981
08-03-2015 20:00,14.10000038
08-03-2015 21:00,13.64999962
08-03-2015 22:00,12.72500038
08-03-2015 23:00,12.42500019
09-03-2015 0:00,13.875
09-03-2015 1:00,10.47500038
09-03-2015 2:00,11.14999962
09-03-2015 3:00,8.699999809
09-03-2015 4:00,8.949999809
09-03-2015 5:00,10.125
09-03-2015 6:00,9.949999809
09-03-2015 7:00,12.35000038
09-03-2015 8:00,13.47500038
09-03-2015 9:00,12.53
09-03-2015 10:00,12.5425
09-03-2015 11:00,15.5
09-03-2015 12:00,13.17500019
09-03-2015 13:00,11.69999981
09-03-2015 14:00,11.47500038
09-03-2015 15:00,10.94999981
09-03-2015 16:00,11.44999981
09-03-2015 17:00,11.67500019
09-03-2015 18:00,12.92500019
09-03-2015 19:00,12.67500019
09-03-2015 20:00,11.625
09-03-2015 21:00,10.85000038
09-03-2015 22:00,11.05000019
09-03-2015 23:00,11.75
10-03-2015 0:00,10.92500019
10-03-2015 1:00,10.14999962
10-03-2015 2:00,10.42500019
10-03-2015 3:00,9.550000191
10-03-2015 4:00,10.25
10-03-2015 5:00,9.774999619
10-03-2015 6:00,12.64999962
10-03-2015 7:00,11.10000038
10-03-2015 8:00,13.82499981
10-03-2015 9:00,11.89999962
10-03-2015 10:00,12.22500038
10-03-2015 11:00,13.25
10-03-2015 12:00,14.27499962
10-03-2015 13:00,12.35000038
10-03-2015 14:00,12.625
10-03-2015 15:00,11.19999981
10-03-2015 16:00,12.07499981
10-03-2015 17:00,14.07499981
10-03-2015 18:00,10.67500019
10-03-2015 19:00,13.27499962
10-03-2015 20:00,12.72500038
10-03-2015 21:00,12.44999981
10-03-2015 22:00,8.774999619
10-03-2015 23:00,7.800000191
11-03-2015 0:00,8.425000191
11-03-2015 1:00,7.675000191
11-03-2015 2:00,7.125
11-03-2015 3:00,7.425000191
11-03-2015 4:00,9.274999619
11-03-2015 5:00,8.949999809
11-03-2015 6:00,9.925000191
11-03-2015 7:00,10.72500038
11-03-2015 8:00,11.67500019
11-03-2015 9:00,10.92500019
11-03-2015 10:00,10.35000038
11-03-2015 11:00,11.375
11-03-2015 12:00,12.80000019
11-03-2015 13:00,13.75
11-03-2015 14:00,12.92500019
11-03-2015 15:00,12.32499981
11-03-2015 16:00,13.35000038
11-03-2015 17:00,11.67500019
11-03-2015 18:00,10.17499924
11-03-2015 19:00,10.75
11-03-2015 20:00,12.69999981
11-03-2015 21:00,12.85000038
11-03-2015 22:00,12.5
11-03-2015 23:00,10.39999962
12-03-2015 0:00,7.849999905
12-03-2015 1:00,9.475000381
12-03-2015 2:00,10.10000038
12-03-2015 3:00,8.074999809
12-03-2015 4:00,8.649999619
12-03-2015 5:00,10.80000019
12-03-2015 6:00,10.27499962
12-03-2015 7:00,12.32499981
12-03-2015 8:00,14.67500019
12-03-2015 9:00,14.52499962
12-03-2015 10:00,14.5
12-03-2015 11:00,13.07499981
12-03-2015 12:00,13.375
12-03-2015 13:00,12.77499962
12-03-2015 14:00,13.35000038
12-03-2015 15:00,12.39999962
12-03-2015 16:00,14.17500019
12-03-2015 17:00,14.47500038
12-03-2015 18:00,12.97500038
12-03-2015 19:00,12.75
12-03-2015 20:00,8.899999619
12-03-2015 21:00,10.22500038
12-03-2015 22:00,9.050000191
12-03-2015 23:00,9.100000381
13-03-2015 00:00,8
13-03-2015 01:00,8.399999619
13-03-2015 02:00,9.725000381
13-03-2015 03:00,10.02499962
13-03-2015 04:00,8.100000381
13-03-2015 05:00,9.975000381
13-03-2015 06:00,11.22500038
13-03-2015 07:00,11.52499962
13-03-2015 08:00,12.92500019
13-03-2015 09:00,12.39999962
13-03-2015 10:00,12.72500038
13-03-2015 11:00,13.85000038
13-03-2015 12:00,12.07499981
13-03-2015 13:00,12.875
13-03-2015 14:00,13.57499981
13-03-2015 15:00,12.47500038
13-03-2015 16:00,13.25
13-03-2015 17:00,11.375
13-03-2015 18:00,11.64999962
13-03-2015 19:00,11.30000019
13-03-2015 20:00,10.75
13-03-2015 21:00,11.125
13-03-2015 22:00,9.475000381
13-03-2015 23:00,8.324999809
14-03-2015 00:00,9.050000191
14-03-2015 01:00,8.625
14-03-2015 02:00,8.024999619
14-03-2015 03:00,7.775000095
14-03-2015 04:00,8.975000381
14-03-2015 05:00,7.974999905
14-03-2015 06:00,9.25
14-03-2015 07:00,7.849999905
14-03-2015 08:00,8.449999809
14-03-2015 09:00,7.924999714
14-03-2015 10:00,7.724999905
14-03-2015 11:00,8.350000381
14-03-2015 12:00,8
14-03-2015 13:00,7.625
14-03-2015 14:00,8.350000381
14-03-2015 15:00,8.574999809
14-03-2015 16:00,7.925000191
14-03-2015 17:00,8.375
14-03-2015 18:00,9
14-03-2015 19:00,11.125
14-03-2015 20:00,9.824999809
14-03-2015 21:00,11.19999981
14-03-2015 22:00,9.800000191
14-03-2015 23:00,8.574999809
15-03-2015 00:00,8
15-03-2015 01:00,8.725000381
15-03-2015 02:00,8.625
15-03-2015 03:00,8.050000191
15-03-2015 04:00,8.550000191
15-03-2015 05:00,7.199999809
15-03-2015 06:00,8.325000763
15-03-2015 07:00,8.75
15-03-2015 08:00,8.375
15-03-2015 09:00,7.600000381
15-03-2015 10:00,7.775000095
15-03-2015 11:00,9.649999619
15-03-2015 12:00,9.574999809
15-03-2015 13:00,11.44999981
15-03-2015 14:00,10.07499981
15-03-2015 15:00,9.75
15-03-2015 16:00,11.60000038
15-03-2015 17:00,10.55000019
15-03-2015 18:00,10.80000019
15-03-2015 19:00,12.64999962
15-03-2015 20:00,12.30000019
15-03-2015 21:00,9.399999619
15-03-2015 22:00,8.824999809
15-03-2015 23:00,7.824999809
16-03-2015 00:00,9.449999809
16-03-2015 01:00,7.849999905
16-03-2015 02:00,8.449999809
16-03-2015 03:00,8.050000191
16-03-2015 04:00,8.550000191
16-03-2015 05:00,8.675000191
16-03-2015 06:00,10.625
16-03-2015 07:00,11.02499962
16-03-2015 08:00,12.27499962
16-03-2015 09:00,13.125
16-03-2015 10:00,14.07499981
16-03-2015 11:00,13.85000038
16-03-2015 12:00,11.07499981
16-03-2015 13:00,11.89999962
16-03-2015 14:00,11.47499943
16-03-2015 15:00,11.94999981
16-03-2015 16:00,11.97500038
16-03-2015 17:00,13.22500038
16-03-2015 18:00,12.02499962
16-03-2015 19:00,14.75
16-03-2015 20:00,11.10000038
16-03-2015 21:00,12.07500076
16-03-2015 22:00,8.925000191
16-03-2015 23:00,7.125
17-03-2015 00:00,8.524999619
17-03-2015 01:00,6.900000095
17-03-2015 02:00,7.549999714
17-03-2015 03:00,7.824999809
17-03-2015 04:00,7.425000191
17-03-2015 05:00,9.574999809
17-03-2015 06:00,9.25
17-03-2015 07:00,10.47500038
17-03-2015 08:00,12.55000019
17-03-2015 09:00,13.125
17-03-2015 10:00,12.77499962
17-03-2015 11:00,10.69999981
17-03-2015 12:00,11.92500019
17-03-2015 13:00,13.97500038
17-03-2015 14:00,12.30000019
17-03-2015 15:00,12.14999962
17-03-2015 16:00,12.89999962
17-03-2015 17:00,13.47500038
17-03-2015 18:00,11.15000057
17-03-2015 19:00,9.625
17-03-2015 20:00,7.824999809
17-03-2015 21:00,8.225000381
17-03-2015 22:00,8.5
17-03-2015 23:00,8.650000572
18-03-2015 00:00,9.074999809
18-03-2015 01:00,7.925000191
18-03-2015 02:00,7.949999809
18-03-2015 03:00,8.425000191
18-03-2015 04:00,7.099999905
18-03-2015 05:00,9.600000381
18-03-2015 06:00,11.19999981
18-03-2015 07:00,12.85000038
18-03-2015 08:00,13.92500019
18-03-2015 09:00,14.125
18-03-2015 10:00,13.30000019
18-03-2015 11:00,15.47500038
18-03-2015 12:00,14.69999981
18-03-2015 13:00,13.97500038
18-03-2015 14:00,14.05000019
18-03-2015 15:00,15.64999962
18-03-2015 16:00,11.875
18-03-2015 17:00,13.42500019
18-03-2015 18:00,11.17500019
18-03-2015 19:00,10.97500038
18-03-2015 20:00,10
18-03-2015 21:00,11.30000019
18-03-2015 22:00,10.375
18-03-2015 23:00,9.975000381
19-03-2015 00:00,9.424999237
19-03-2015 01:00,9.850000381
19-03-2015 02:00,9.449999809
19-03-2015 03:00,9.474999428
19-03-2015 04:00,9.175000191
19-03-2015 05:00,10.97500038
19-03-2015 06:00,12.27500057
19-03-2015 07:00,12.72500038
19-03-2015 08:00,13.45000076
19-03-2015 09:00,13.2825
19-03-2015 10:00,14.67500019
19-03-2015 11:00,13.22500038
19-03-2015 12:00,13.375
19-03-2015 13:00,12.44999981
19-03-2015 14:00,12.92500019
19-03-2015 15:00,13.85000038
19-03-2015 16:00,13.32499981
19-03-2015 17:00,14.92500019
19-03-2015 18:00,12.82499981
19-03-2015 19:00,10.57499981
19-03-2015 20:00,9.699999809
19-03-2015 21:00,12.47500038
19-03-2015 22:00,9.125
19-03-2015 23:00,10.22500038
20-03-2015 00:00,9.5
20-03-2015 01:00,9.350000381
20-03-2015 02:00,9.725000381
20-03-2015 03:00,9.699999809
20-03-2015 04:00,9.225000381
20-03-2015 05:00,10.52499962
20-03-2015 06:00,11
20-03-2015 07:00,13
20-03-2015 08:00,12.85000038
20-03-2015 09:00,13.77499962
20-03-2015 10:00,14.19999981
20-03-2015 11:00,14.375
20-03-2015 12:00,12
20-03-2015 13:00,13.05000019
20-03-2015 14:00,12.92500019
20-03-2015 15:00,14.05000019
20-03-2015 16:00,12.39999962
20-03-2015 17:00,10
20-03-2015 18:00,11.22500038
20-03-2015 19:00,9.25
20-03-2015 20:00,8.25
20-03-2015 21:00,8.125
20-03-2015 22:00,9.150000572
20-03-2015 23:00,7.75
21-03-2015 00:00,8.074999809
21-03-2015 01:00,9.399999619
21-03-2015 02:00,8.600000381
21-03-2015 03:00,10.10000038
21-03-2015 04:00,8.949999809
21-03-2015 05:00,9
21-03-2015 06:00,9.199999809
21-03-2015 07:00,8.425000191
21-03-2015 08:00,10.30000019
21-03-2015 09:00,8.050000191
21-03-2015 10:00,9.5
21-03-2015 11:00,8.350000381
21-03-2015 12:00,9.399999619
21-03-2015 13:00,8.399999619
21-03-2015 14:00,8.399999619
21-03-2015 15:00,11.39999962
21-03-2015 16:00,11.92500019
21-03-2015 17:00,12.94999981
21-03-2015 18:00,11.32499981
21-03-2015 19:00,12.75
21-03-2015 20:00,10.92500019
21-03-2015 21:00,12.30000019
21-03-2015 22:00,8
21-03-2015 23:00,8.449999809
22-03-2015 00:00,7.25
22-03-2015 01:00,8.524999619
22-03-2015 02:00,7.775000095
22-03-2015 03:00,9.074999809
22-03-2015 04:00,7.925000191
22-03-2015 05:00,8.074999809
22-03-2015 06:00,8.425000191
22-03-2015 07:00,7.949999809
22-03-2015 08:00,7.824999809
22-03-2015 09:00,9.375
22-03-2015 10:00,7.800000191
22-03-2015 11:00,8.725000381
22-03-2015 12:00,8.199999809
22-03-2015 13:00,8.350000381
22-03-2015 14:00,7.949999809
22-03-2015 15:00,7.675000191
22-03-2015 16:00,8.975000381
22-03-2015 17:00,9.449999809
22-03-2015 18:00,10.39999962
22-03-2015 19:00,11
22-03-2015 20:00,11.55000019
22-03-2015 21:00,8.800000191
22-03-2015 22:00,8.75
22-03-2015 23:00,8.574999809
23-03-2015 00:00,8.175000191
23-03-2015 01:00,7.950000286
23-03-2015 02:00,8.149999619
23-03-2015 03:00,8.550000191
23-03-2015 04:00,7.675000191
23-03-2015 05:00,9.625
23-03-2015 06:00,10.35000038
23-03-2015 07:00,12.39999962
23-03-2015 08:00,13.39999962
23-03-2015 09:00,12.67500019
23-03-2015 10:00,12.47500038
23-03-2015 11:00,14.10000038
23-03-2015 12:00,12.14999962
23-03-2015 13:00,12.60000038
23-03-2015 14:00,11.75
23-03-2015 15:00,11.94999981
23-03-2015 16:00,12.85000038
23-03-2015 17:00,11.32499981
23-03-2015 18:00,11.42500019
23-03-2015 19:00,12.02499962
23-03-2015 20:00,10.32499981
23-03-2015 21:00,8.975000381
23-03-2015 22:00,9.25
23-03-2015 23:00,8.975000381
24-03-2015 00:00,8.875
24-03-2015 01:00,8.774999619
24-03-2015 02:00,8.475000381
24-03-2015 03:00,8.550000191
24-03-2015 04:00,9.324999809
24-03-2015 05:00,9.449999809
24-03-2015 06:00,10.69999981
24-03-2015 07:00,13.39999962
24-03-2015 08:00,14
24-03-2015 09:00,14.14999962
24-03-2015 10:00,13.32499981
24-03-2015 11:00,13.125
24-03-2015 12:00,13.67500019
24-03-2015 13:00,13.07499981
24-03-2015 14:00,14.29999924
24-03-2015 15:00,12.94999981
24-03-2015 16:00,12.77499962
24-03-2015 17:00,14.07499981
24-03-2015 18:00,11.52499962
24-03-2015 19:00,9.850000381
24-03-2015 20:00,13.07499981
24-03-2015 21:00,12.82499981
24-03-2015 22:00,12.02499962
24-03-2015 23:00,9.300000191
25-03-2015 00:00,9.375
25-03-2015 01:00,8.100000381
25-03-2015 02:00,7.275000095
25-03-2015 03:00,8.350000381
25-03-2015 04:00,8.449999809
25-03-2015 05:00,8.699999809
25-03-2015 06:00,10.42500019
25-03-2015 07:00,12.14999962
25-03-2015 08:00,11.32499981
25-03-2015 09:00,12.10000038
25-03-2015 10:00,12.625
25-03-2015 11:00,10.42500019
25-03-2015 12:00,10.77499962
25-03-2015 13:00,11.625
25-03-2015 14:00,11.02499962
25-03-2015 15:00,13.375
25-03-2015 16:00,10.32499981
25-03-2015 17:00,13.64999962
25-03-2015 18:00,12.19999981
25-03-2015 19:00,12.69999981
25-03-2015 20:00,11.60000038
25-03-2015 21:00,12.875
25-03-2015 22:00,10.32499981
25-03-2015 23:00,8.175000191
26-03-2015 00:00,7.175000191
26-03-2015 01:00,8.225000381
26-03-2015 02:00,7.725000381
26-03-2015 03:00,8.699999809
26-03-2015 04:00,6.875
26-03-2015 05:00,7.600000381
26-03-2015 06:00,8.024999619
26-03-2015 07:00,7.875
26-03-2015 08:00,11.125
26-03-2015 09:00,10.5
26-03-2015 10:00,11.125
26-03-2015 11:00,12.10000038
26-03-2015 12:00,11.5
26-03-2015 13:00,10.57499981
26-03-2015 14:00,11.22500038
26-03-2015 15:00,11.64999962
26-03-2015 16:00,12.77499962
26-03-2015 17:00,13.89999962
26-03-2015 18:00,14.89999962
26-03-2015 19:00,11.75
26-03-2015 20:00,10.60000038
26-03-2015 21:00,9.425000191
26-03-2015 22:00,8.350000381
26-03-2015 23:00,11.67500019
27-03-2015 00:00,8.149999619
27-03-2015 01:00,8
27-03-2015 02:00,7.25
27-03-2015 03:00,8.324999809
27-03-2015 04:00,6.974999905
27-03-2015 05:00,10.10000038
27-03-2015 06:00,9.399999619
27-03-2015 07:00,11.82499981
27-03-2015 08:00,11.44999981
27-03-2015 09:00,11.85000038
27-03-2015 10:00,11.07499981
27-03-2015 11:00,11.39999962
27-03-2015 12:00,11.72500038
27-03-2015 13:00,12.55000019
27-03-2015 14:00,11.57499981
27-03-2015 15:00,10.75
27-03-2015 16:00,10.89999962
27-03-2015 17:00,9.925000191
27-03-2015 18:00,12.92500019
27-03-2015 19:00,10.69999981
27-03-2015 20:00,12
27-03-2015 21:00,8.899999619
27-03-2015 22:00,11.94999981
27-03-2015 23:00,7.725000381
28-03-2015 00:00,7.399999619
28-03-2015 01:00,9.5
28-03-2015 02:00,7.675000191
28-03-2015 03:00,8.324999809
28-03-2015 04:00,7.949999809
28-03-2015 05:00,6.724999905
28-03-2015 06:00,8.699999809
28-03-2015 07:00,8.375
28-03-2015 08:00,8.324999809
28-03-2015 09:00,9.074999809
28-03-2015 10:00,8.574999809
28-03-2015 11:00,9.975000381
28-03-2015 12:00,7.724999905
28-03-2015 13:00,8.774999619
28-03-2015 14:00,8.725000381
28-03-2015 15:00,7.75
28-03-2015 16:00,9.175000191
28-03-2015 17:00,9.350000381
28-03-2015 18:00,9.25
28-03-2015 19:00,11.77499962
28-03-2015 20:00,9.850000381
28-03-2015 21:00,9.25
28-03-2015 22:00,11.10000038
28-03-2015 23:00,9.800000191
29-03-2015 00:00,8.725000381
29-03-2015 01:00,7.125
29-03-2015 02:00,7.899999619
29-03-2015 03:00,8.050000191
29-03-2015 04:00,7.650000095
29-03-2015 05:00,8.699999809
29-03-2015 06:00,7.900000095
29-03-2015 07:00,8
29-03-2015 08:00,7.25
29-03-2015 09:00,7.550000191
29-03-2015 10:00,7.650000095
29-03-2015 11:00,7.949999809
29-03-2015 12:00,6.775000095
29-03-2015 13:00,7.574999809
29-03-2015 14:00,6.5
29-03-2015 15:00,7.275000095
29-03-2015 16:00,7.400000095
29-03-2015 17:00,7.375
29-03-2015 18:00,7.199999809
29-03-2015 19:00,8
29-03-2015 20:00,8.600000381
29-03-2015 21:00,9.675000191
29-03-2015 22:00,7
29-03-2015 23:00,7.449999809
30-03-2015 00:00,6.974999905
30-03-2015 01:00,8.475000381
30-03-2015 02:00,7.449999809
30-03-2015 03:00,7.474999905
30-03-2015 04:00,7.425000191
30-03-2015 05:00,7.800000191
30-03-2015 06:00,9.850000381
30-03-2015 07:00,10.92500019
30-03-2015 08:00,12.69999981
30-03-2015 09:00,12.89999962
30-03-2015 10:00,12.44999981
30-03-2015 11:00,11.625
30-03-2015 12:00,11.375
30-03-2015 13:00,12.125
30-03-2015 14:00,11.64999962
30-03-2015 15:00,10.42500019
30-03-2015 16:00,9.100000381
30-03-2015 17:00,8.274999619
30-03-2015 18:00,7.574999809
30-03-2015 19:00,9.050000191
30-03-2015 20:00,8.5
30-03-2015 21:00,8.550000191
30-03-2015 22:00,8.199999809
30-03-2015 23:00,7.074999809
31-03-2015 00:00,8
31-03-2015 01:00,7.224999905
31-03-2015 02:00,7.599999905
31-03-2015 03:00,7.875
31-03-2015 04:00,6.900000095
31-03-2015 05:00,9.25
31-03-2015 06:00,10.42499924
31-03-2015 07:00,10.67500019
31-03-2015 08:00,13.17500019
31-03-2015 09:00,12.80000019
31-03-2015 10:00,12.92500019
31-03-2015 11:00,12.10000038
31-03-2015 12:00,10.72500038
31-03-2015 13:00,13.35000038
31-03-2015 14:00,11.42500019
31-03-2015 15:00,12.60000038
31-03-2015 16:00,10.47500038
31-03-2015 17:00,9.649999619
31-03-2015 18:00,8.600000381
31-03-2015 19:00,8.524999619
31-03-2015 20:00,7.675000191
31-03-2015 21:00,8.25
31-03-2015 22:00,8.5
31-03-2015 23:00,7.224999905
01-04-2015 0:00,9.050000191